"name","iata","airport_name","country","country_abbr","world_area_code"
Hendersonville,0A7,Hendersonville Airport,United States,US,67
Anaa,AAA,Anaa,French Polynesia,PF,823
Arrabury,AAB,Arrabury,Australia,AU,802
Al Arish,AAC,Al Arish,Egypt,EG,591
Ad-Dabbah,AAD,Ad-Dabbah,Sudan,SD,583
Annaba,AAE,Les Salines,Algeria,DZ,500
Apalachicola,AAF,Municipal,United States,US,67
Arapoti,AAG,Arapoti,Brazil,BR,316
Aachen,AAH,Aachen/Merzbruck,Germany,DE,429
Arraias,AAI,Arraias,Brazil,BR,316
Awaradam,AAJ,Cayana Airstrip,Suriname,SR,379
Aranuka,AAK,Aranuka,Kiribati,KI,824
Aalborg,AAL,Aalborg,Denmark,DK,419
Mala Mala,AAM,Mala Mala,South Africa,ZA,562
Al Ain,AAN,Al Ain,United Arab Emirates,AE,678
Anaco,AAO,Anaco,Venezuela,VE,388
Houston,AAP,Andrau Airpark,United States,US,67
Anapa,AAQ,Anapa,Russian Federation,RU,770
Aarhus,AAR,Tirstrup,Denmark,DK,419
Apalapsili,AAS,Apalapsili,Indonesia,ID,832
Altay,AAT,Altay,China,CN,713
Asau,AAU,Asau,Samoa,WS,892
Alah,AAV,Alah,Philippines,PH,766
Abbottabad,AAW,Mumbai,Pakistan,PK,764
Araxa,AAX,Araxa,Brazil,BR,316
Al Ghaydah,AAY,Al Ghaydah,Yemen,YE,694
Quetzaltenango,AAZ,Quetzaltenango Airport,Guatemala,GT,127
Abakan,ABA,Abakan,Russian Federation,RU,770
Abingdon,ABB,RAF Station,United Kingdom,GB,493
Albacete,ABC,Los Llanos,Spain,ES,482
Abadan,ABD,Abadan,Iran,IR,632
Allentown,ABE,Lehigh Valley International,United States,US,67
Abaiang,ABF,Abaiang,Kiribati,KI,824
Abingdon,ABG,Abingdon,Australia,AU,802
Alpha,ABH,Alpha,Australia,AU,802
Abilene,ABI,Municipal,United States,US,67
Abidjan,ABJ,Felix Houphouet Boigny,Cote D'Ivoire (Ivory Coast),CI,533
Kabri Dar,ABK,Kabri Dar,Ethiopia,ET,522
Ambler,ABL,Ambler,United States,US,67
Bamaga,ABM,Bamaga,Australia,AU,802
Albina,ABN,Albina,Suriname,SR,379
Aboisso,ABO,Aboisso,Cote D'Ivoire (Ivory Coast),CI,533
Atkamba,ABP,Atkamba,Papua New Guinea,PG,804
Albuquerque,ABQ,Albuquerque International,United States,US,67
Aberdeen,ABR,Municipal,United States,US,67
Abu Simbel,ABS,Abu Simbel,Egypt,EG,591
Al-Baha,ABT,Al-Aqiq,Saudi Arabia,SA,670
Atambua,ABU,Atambua,Indonesia,ID,832
Abuja,ABV,International,Nigeria,NG,555
Abau,ABW,Abau,Papua New Guinea,PG,804
Albury,ABX,Albury,Australia,AU,802
Albany,ABY,Dougherty County,United States,US,67
Aberdeen,ABZ,Dyce,United Kingdom,GB,493
Acapulco,ACA,General Juan N. Alvarez International,Mexico,MX,0
Bellaire,ACB,Antrim County,United States,US,67
Accra,ACC,Kotoka,Ghana,GH,529
Acandi,ACD,Acandi,Colombia,CO,327
Lanzarote,ACE,Lanzarote,Spain,ES,482
Altenrhein,ACH,Altenrhein,Switzerland,CH,486
Alderney,ACI,The Blaye,United Kingdom,GB,493
Anuradhapura,ACJ,Anuradhapura,Sri Lanka,LK,711
Nantucket,ACK,Nantucket Memorial,United States,US,67
Aguaclara,ACL,Aguaclara,Colombia,CO,327
Arica,ACM,Arica,Colombia,CO,327
Ciudad Acuna,ACN,International,Mexico,MX,148
Ascona,ACO,Ascona,Switzerland,CH,486
Sahand,ACP,Sahand,Iran,IR,632
Araracuara,ACR,Araracuara,Colombia,CO,327
Achinsk,ACS,Achinsk,Russian Federation,RU,770
Waco,ACT,Municipal,United States,US,67
Achutupo,ACU,Achutupo,Panama,PA,162
Arcata,ACV,Arcata,United States,US,67
Xingyi,ACX,Xingyi,China,CN,713
Atlantic City,ACY,Atlantic City Intl,United States,US,67
Zabol,ACZ,Zabol A/P,Iran,IR,632
Adana,ADA,Adana,Turkey,TR,679
Izmir,ADB,Adnan Menderes Arpt,Turkey,TR,679
Andakombe,ADC,Andakombe,Papua New Guinea,PG,804
Addis Ababa,ADD,Bole,Ethiopia,ET,522
Aden,ADE,International,Yemen,YE,694
Adiyaman,ADF,Adiyaman,Turkey,TR,679
Adrian,ADG,Lenawee County,United States,US,67
Aldan,ADH,Aldan,Russian Federation,RU,770
Arandis,ADI,Arandis,Namibia,NA,575
Amman,ADJ,Civil - Marka Airport,Jordan,JO,639
Adak Island,ADK,Adak Island NS,United States,US,67
Adelaide,ADL,Adelaide,Australia,AU,802
Ardmore,ADM,Ardmore Municipal Arpt,United States,US,67
Andes,ADN,Andes,Colombia,CO,327
Andamooka,ADO,Andamooka,Australia,AU,802
Ampara,ADP,Ampara,Sri Lanka,LK,711
Kodiak,ADQ,Kodiak Airport,United States,US,67
Andrews,ADR,Andrews,United States,US,67
Dallas,ADS,Addison Airport,United States,US,67
Ada,ADT,Ada,United States,US,67
Ardabil,ADU,Ardabil,Iran,IR,632
Andover,ADV,Andover,United Kingdom,GB,493
Camp Springs,ADW,Andrews AFB,United States,US,67
St Andrews,ADX,Leuchars,United Kingdom,GB,493
Alldays,ADY,Alldays,South Africa,ZA,562
San Andres Island,ADZ,San Andres Island,Colombia,CO,327
Abemama Atoll,AEA,Abemama Atoll,Kiribati,KI,824
Aleneva,AED,Aleneva,United States,US,67
Aek Godang,AEG,Aek Godang,Indonesia,ID,832
Abecher,AEH,Abecher,Chad,TD,511
Algeciras,AEI,Algeciras,Spain,ES,482
Aseki,AEK,Aseki,Papua New Guinea,PG,804
Albert Lea,AEL,Albert Lea,United States,US,67
Aioun El Atrouss,AEO,Aioun El Atrouss,Mauritania,MR,545
Buenos Aires,AEP,Arpt. Jorge Newbery,Argentina,AR,303
Adler/Sochi,AER,Adler/Sochi,Russian Federation,RU,770
Aalesund,AES,Vigra,Norway,NO,465
Allakaket,AET,Allakaket,United States,US,67
Abu Musa,AEU,Abu Musa,Iran,IR,632
Alexandria,AEX,Alexandria Internation,United States,US,67
Akureyri,AEY,Akureyri,Iceland,IS,439
San Rafael,AFA,San Rafael,Argentina,AR,303
Port Alfred,AFD,Port Alfred,South Africa,ZA,562
Colorado Springs,AFF,USAF Academy,United States,US,67
Amalfi,AFI,Amalfi,Colombia,CO,327
Ampara,AFK,Kondavattavan Tank,Sri Lanka,LK,711
Alta Floresta,AFL,Alta Floresta,Brazil,BR,316
Jaffrey,AFN,Municipal,United States,US,67
Afton,AFO,Municipal,United States,US,67
Afore,AFR,Afore,Papua New Guinea,PG,804
Zarafshan,AFS,Zarafshan,Uzbekistan,UZ,788
Afutara,AFT,Afutara Aerodrome,Solomon Islands,SB,874
Fort Worth,AFW,Fort Worth Alliance,United States,US,67
Afyon,AFY,Afyon,Turkey,TR,679
Sabzevar,AFZ,Sabzevar,Iran,IR,632
Agadir,AGA,Agadir Almassira,Morocco,MA,548
Augsburg,AGB,Augsburg - Muehlhausen,Germany,DE,429
Pittsburgh,AGC,Allegheny County,United States,US,67
Anggi,AGD,Anggi,Indonesia,ID,832
Wangerooge,AGE,Flugplatz,Germany,DE,429
Agen,AGF,La Garenne,France,FR,427
Angoram,AGG,Angoram,Papua New Guinea,PG,804
Angelholm/Helsingborg,AGH,Angelholm,Sweden,SE,484
Wageningen,AGI,Wageningen,Suriname,SR,379
Aguni,AGJ,Aguni,Japan,JP,736
Kagua,AGK,Kagua,Papua New Guinea,PG,804
Wanigela,AGL,Wanigela,Papua New Guinea,PG,804
Tasiilaq,AGM,Tasiilaq,Greenland,GL,975
Angoon,AGN,Angoon,United States,US,67
Magnolia,AGO,Municipal,United States,US,67
Malaga,AGP,Malaga,Spain,ES,482
Agrinion,AGQ,Agrinion,Greece,GR,433
Agra,AGR,Kheria,India,IN,733
Augusta,AGS,Bush Field,United States,US,67
Ciudad del Este,AGT,Alejo Garcia,Paraguay,PY,365
Aguascalientes,AGU,Aguascalients,Mexico,MX,148
Acarigua,AGV,Acarigua,Venezuela,VE,388
Agnew,AGW,Agnew,Australia,AU,802
Agatti Island,AGX,Agatti Island,India,IN,733
Argyle Downs,AGY,Argyle Downs,Australia,AU,802
Aggeneys,AGZ,Aggeneys,South Africa,ZA,562
Okinawa,AHA,Naha AFB,Japan,JP,736
Abha,AHB,Abha,Saudi Arabia,SA,670
Herlong,AHC,Amedee AAF,United States,US,67
Ardmore,AHD,Downtown,United States,US,67
Ahe,AHE,Ahe Airport,French Polynesia,PF,823
Arapahoe,AHF,Municipal,United States,US,67
Amery,AHH,Municipal,United States,US,67
Amahai,AHI,Amahai,Indonesia,ID,832
Aishalton,AHL,Aishalton,Guyana,GY,350
Athens,AHN,Athens,United States,US,67
Alghero,AHO,Fertilia,Italy,IT,450
Ahuas,AHS,Ahuas,Honduras,HN,131
Amchitka,AHT,Amchitka,United States,US,67
Al Hoceima,AHU,Charif Al Idrissi,Morocco,MA,548
Ambatolahy,AHY,Ambatolahy,Madagascar,MG,541
Alpe D Huez,AHZ,Alpe D Huez,France,FR,427
Alliance,AIA,Alliance,United States,US,67
Anita Bay,AIB,Anita Bay,United States,US,67
Airok,AIC,Airok,Marshall Islands,MH,844
Anderson,AID,Municipal,United States,US,67
Aiome,AIE,Aiome,Papua New Guinea,PG,804
Assis,AIF,Assis,Brazil,BR,316
Yalinga,AIG,Yalinga,Central African Republic,CF,509
Aiambak,AIH,Aiambak,Papua New Guinea,PG,804
Alisabieh,AII,Alisabieh,Djibouti,DJ,525
Aiken,AIK,Municipal,United States,US,67
Ailigandi,AIL,Ailigandi,Panama,PA,162
Ailuk Island,AIM,Ailuk Island,Marshall Islands,MH,844
Wainwright,AIN,Wainwright,United States,US,67
Atlantic,AIO,Municipal,United States,US,67
Ailinglapalap Island,AIP,Ailinglapalap Island,Marshall Islands,MH,844
Aripuana,AIR,Aripuana,Brazil,BR,316
Arorae Island,AIS,Arorae Island,Kiribati,KI,824
Aitutaki,AIT,Aitutaki,Cook Islands,CK,813
Atiu Island,AIU,Atiu Island,Cook Islands,CK,813
Aliceville,AIV,George Downer,United States,US,67
Ai-Ais,AIW,Ai-Ais,Namibia,NA,575
Atlantic City,AIY,Bader Field,United States,US,67
Kaiser/Lake Ozark,AIZ,Lee C Fine Memorial,United States,US,67
Ajaccio,AJA,Campo Dell Oro,France,FR,427
Sakaka Al Jouf,AJF,Jouf,Saudi Arabia,SA,670
Agri,AJI,Ağri,Turkey,TR,679
Akjoujt,AJJ,Akjoujt,Mauritania,MR,545
Araak,AJK,Araak,Iran,IR,632
Aizawl,AJL,Aizawl,India,IN,733
Anjouan,AJN,Ouani,Comoros,KM,513
Aljouf,AJO,Aljouf,Yemen,YE,694
Arvidsjaur,AJR,Arvidsjaur,Sweden,SE,484
Abreojos,AJS,Abreojos,Mexico,MX,148
Aracaju,AJU,Aracaju,Brazil,BR,316
Agades,AJY,Agades,Niger,NE,554
Ankang,AKA,Ankang,China,CN,713
Atka,AKB,Atka,United States,US,67
Akron/Canton,AKC,Fulton International,United States,US,67
Akola,AKD,Akola,India,IN,733
Akieni,AKE,Akieni,Gabon,GA,526
Kufrah,AKF,Kufrah,Libya,LY,538
Anguganak,AKG,Anguganak,Papua New Guinea,PG,804
Al Kharj,AKH,Prince Sultan Air Base,Saudi Arabia,SA,670
Akiak,AKI,Akiak,United States,US,67
Asahikawa,AKJ,Asahikawa,Japan,JP,736
Akhiok,AKK,Akhiok SPB,United States,US,67
Auckland,AKL,Auckland International,New Zealand (aotearoa),NZ,851
Zakouma,AKM,Zakouma,Chad,TD,511
King Salmon,AKN,King Salmon,United States,US,67
Akron,AKO,Washington Co,United States,US,67
Anaktuvuk,AKP,Anaktuvuk,United States,US,67
Astraksetra,AKQ,Gunung Batin,Indonesia,ID,832
Akure,AKR,Akure,Nigeria,NG,555
Akrotiri,AKT,Akrotiri RAF,Cyprus,CY,611
Aksu,AKU,Aksu,China,CN,713
Akulivik,AKV,Akulivik,Canada,CA,906
Aghajari,AKW,Aghajari,Iran,IR,632
Aktyubinsk,AKX,Aktyubinsk,Kazakhstan,KZ,738
Sittwe,AKY,Civil,Myanmar,MM,706
Almaty,ALA,Almaty,Kazakhstan,KZ,738
Albany,ALB,Albany International,United States,US,67
Alicante,ALC,Alicante,Spain,ES,482
Alerta,ALD,Alerta,Peru,PE,368
Alpine,ALE,Alpine,United States,US,67
Alta,ALF,Alta,Norway,NO,465
Algiers,ALG,Houari Boumediene,Algeria,DZ,500
Albany,ALH,Albany,Australia,AU,802
Alice,ALI,International,United States,US,67
Alexander Bay,ALJ,Kortdoorn,South Africa,ZA,562
Asela,ALK,Asela,Ethiopia,ET,522
Albenga,ALL,Albenga,Italy,IT,450
Alamogordo,ALM,Municipal,United States,US,67
Alton,ALN,Alton,United States,US,67
Waterloo,ALO,Waterloo,United States,US,67
Aleppo,ALP,Nejrab,Syria,SY,676
Alegrete,ALQ,Federal,Brazil,BR,316
Alexandra,ALR,Alexandra,New Zealand (Aotearoa),NZ,851
Alamosa,ALS,Municipal,United States,US,67
Alenquer,ALT,Alenquer,Brazil,BR,316
Alula,ALU,Alula,Somalia,SO,573
Andorra La Vella,ALV,Andorra La Vella H/P,,AD,0
Walla Walla,ALW,Walla Walla,United States,US,67
Alexander City,ALX,Thomas C Russell Fld,United States,US,67
Alexandria,ALY,El Nohza,Egypt,EG,591
Alitak,ALZ,Alitak SPB,United States,US,67
Amarillo,AMA,International,United States,US,67
Ambilobe,AMB,Ambilobe,Madagascar,MG,541
Am Timan,AMC,Am Timan,Guam,TD,511
Ahmedabad,AMD,Ahmedabad,India,IN,733
Alto Molocue,AME,Alto Molocue,Mozambique,MZ,550
Ama,AMF,Ama,Papua New Guinea,PG,804
Amboin,AMG,Amboin,Papua New Guinea,PG,804
Arba Mintch,AMH,Arba Mintch,Ethiopia,ET,522
Mataram,AMI,Selaparang,Indonesia,ID,832
Almenara,AMJ,Almenara,Brazil,BR,316
Durango,AMK,Animas Airpark,United States,US,67
Puerto Armuellas,AML,Puerto Armuellas,Panama,PA,162
Amman,AMM,Queen Alia Intl,Jordan,JO,639
Alma,AMN,Gratiot Community,United States,US,67
Mao,AMO,Mao,Chad,TD,511
Ampanihy,AMP,Ampanihy,Madagascar,MG,541
Ambon,AMQ,Pattimura,Indonesia,ID,832
Arno,AMR,Arno,Marshall Islands,MH,844
Haarlemmermeer,AMS,Amsterdam-Schiphol,The Netherlands,NL,461
Amata,AMT,Amata,Australia,AU,802
Amanab,AMU,Amanab,Papua New Guinea,PG,804
Amderma,AMV,Amderma,Russian Federation,RU,770
Ames,AMW,Ames,United States,US,67
Ammaroo,AMX,Ammaroo,Australia,AU,802
Ambatomainty,AMY,Ambatomainty,Madagascar,MG,541
Ardmore,AMZ,Ardmore,New Zealand (Aotearoa),NZ,851
Anaheim,ANA,Anaheim,United States,US,67
Anniston,ANB,County Arpt,United States,US,67
Anchorage,ANC,Ted Stevens Anchorage Int'l,United States,US,67
Anderson,AND,Anderson,United States,US,67
Angers,ANE,Marce,France,FR,427
Antofagasta,ANF,Cerro Moreno,Chile,CL,324
Angouleme,ANG,Brie-Champniers,France,FR,427
Anuha Island Resort,ANH,Anuha Island Resort,Solomon Islands,SB,874
Aniak,ANI,Aniak,United States,US,67
Zanaga,ANJ,Zanaga,Congo,CG,515
Ankara,ANK,Etimesgut,Turkey,TR,679
Andulo,ANL,Andulo,Angola,AO,502
Antalaha,ANM,Antsirabato,Madagascar,MG,541
Annette Island,ANN,Annette Island,United States,US,67
Angoche,ANO,Angoche,Mozambique,MZ,550
Annapolis,ANP,Lee,United States,US,67
Angola,ANQ,Tri-State Steuben Cty,United States,US,67
Antwerp,ANR,Deurne,Belgium,BE,409
Andahuaylas,ANS,Andahuaylas,Peru,PE,368
St Anton,ANT,St Anton,Austria,AT,403
Antigua,ANU,V.C. Bird Intl,Antigua and Barbuda,AG,206
Anvik,ANV,Anvik,United States,US,67
Ainsworth,ANW,Ainsworth,United States,US,67
Andenes,ANX,Andenes,Norway,NO,465
Anthony,ANY,Anthony,United States,US,67
Angus Downs,ANZ,Angus Downs,Australia,AU,802
Aroa,AOA,Aroa,Papua New Guinea,PG,804
Annanberg,AOB,Annanberg,Papua New Guinea,PG,804
Altenburg,AOC,Altenburg Nobitz,Germany,DE,429
Abou Deia,AOD,Abou Deia,Chad,TD,511
Eskisehir,AOE,Anadolu University,Turkey,TR,679
Anshan,AOG,Anshan,China,CN,713
Lima,AOH,Allen County,United States,US,67
Ancona,AOI,Falconara,Italy,IT,450
Aomori,AOJ,Aomori,Japan,JP,736
Karpathos,AOK,Karpathos,Greece,GR,433
Paso De Los Libres,AOL,Paso De Los Libres,Argentina,AR,303
Arona,AON,Arona,Papua New Guinea,PG,804
Martinsburg,AOO,Martinsburg,United States,US,67
Alor Setar,AOR,Alor Setar,Malaysia,MY,749
Amook,AOS,Amook,United States,US,67
Aosta,AOT,Corrado Gex,Italy,IT,450
Attopeu,AOU,Attopeu,Laos,LA,744
Denver,APA,Arapahoe Co,United States,US,67
Apolo,APB,Apolo,Bolivia,BO,312
Napa,APC,Napa County,United States,US,67
San Juan Aposento,APE,San Juan Aposento,Peru,PE,368
Naples,APF,Naples,United States,US,67
Aberdeen,APG,Phillips AAF,United States,US,67
Bowling Green,APH,Camp A P Hill,United States,US,67
Apiay,API,Apiay,Colombia,CO,327
Apataki,APK,Apataki,French Polynesia,PF,823
Nampula,APL,Nampula,Mozambique,MZ,550
Alpena,APN,Alpena County Regional,United States,US,67
Apartado,APO,Apartado,Colombia,CO,327
Asapa,APP,Asapa,Papua New Guinea,PG,804
Arapiraca,APQ,Arapiraca,Brazil,BR,316
April River,APR,April River,Papua New Guinea,PG,804
Anapolis,APS,Anapolis,Brazil,BR,316
Jasper,APT,Marion County,United States,US,67
Apucarana,APU,Apucarana,Brazil,BR,316
Apple Valley,APV,Apple Valley,United States,US,67
Apia,APW,Faleolo,Samoa,WS,892
Arapongas,APX,Arapongas,Brazil,BR,316
Alto Parnaiba,APY,Alto Parnaiba,Brazil,BR,316
Zapala,APZ,Zapala,Argentina,AR,303
Araraquara,AQA,Manaus,Brazil,BR,316
Quiche,AQB,Quiche Airport,Guatemala,GT,127
Anqing,AQG,Anqing,China,CN,713
Qaisumah,AQI,Qaisumah,Saudi Arabia,SA,670
Aqaba,AQJ,King Hussein Intl,Jordan,JO,639
Ariquemes,AQM,Ariquemes,Brazil,BR,316
Arequipa,AQP,Rodriguez Ballon,Peru,PE,368
Saqani,AQS,Saqani,Fiji,FJ,821
Alyeska,AQY,Alyeska,United States,US,67
New Iberia,ARA,Acadiana Regional,United States,US,67
Ann Arbor,ARB,Municipal,United States,US,67
Arctic Village,ARC,Arctic Village,United States,US,67
Alor Island,ARD,Alor Island,Indonesia,ID,832
Arecibo,ARE,Arecibo,Puerto Rico,PR,3
Acaricuara,ARF,Acaricuara,Colombia,CO,327
Walnut Ridge,ARG,Walnut Ridge,United States,US,67
Arkhangelsk,ARH,Arkhangelsk,Russian Federation,RU,770
Arica,ARI,Chacalluta,Chile,CL,324
Arso,ARJ,Arso,Indonesia,ID,832
Arusha,ARK,Arusha,Tanzania,TZ,585
Arly,ARL,Arly,Burkina Faso,BF,593
Armidale,ARM,Armidale,Australia,AU,802
Stockholm,ARN,Arlanda,Sweden,SE,484
Arboletas,ARO,Arboletas,Colombia,CO,327
Aragip,ARP,Aragip,Papua New Guinea,PG,804
Arauquita,ARQ,Arauquita,Colombia,CO,327
Alto Rio Senguerr,ARR,Alto Rio Senguerr,Argentina,AR,303
Aragarcas,ARS,Aragarcas,Brazil,BR,316
Watertown,ART,Watertown,United States,US,67
Aracatuba,ARU,Aracatuba,Brazil,BR,316
Minocqua,ARV,Noble F. Lee,United States,US,67
Arad,ARW,Arad,Romania,RO,473
"Neptune, NJ",ARX,Asbury Park,United States,US,67
Ararat,ARY,Ararat,Australia,AU,802
Assab,ASA,Assab,Ethiopia,ET,522
Ashgabat,ASB,Ashgabat,Turkmenistan,TM,785
Ascension,ASC,Ascension,Bolivia,BO,312
Andros Town,ASD,Andros Town,Bahamas,BS,204
Aspen,ASE,Aspen,United States,US,67
Astrakhan,ASF,Astrakhan,Russian Federation,RU,770
Ashburton,ASG,Ashburton,New Zealand (Aotearoa),NZ,851
Nashua,ASH,Boire Field,United States,US,67
"Georgetown, Ascension Island",ASI,Wideawake Fld,St. Helena,SH,580
Amami O Shima,ASJ,Amami O Shima,Japan,JP,736
Yamoussoukro,ASK,Yamoussoukro,Cote D'Ivoire (Ivory Coast),CI,533
Marshall,ASL,Harrison County,United States,US,67
Asmara,ASM,Asmara International,Ethiopia,ET,522
Talladega,ASN,Talladega,United States,US,67
Asosa,ASO,Asosa,Ethiopia,ET,522
Alice Springs,ASP,Alice Springs,Australia,AU,802
Austin,ASQ,Austin,United States,US,67
Kayseri,ASR,Erkilet International Airport,Turkey,TR,679
Astoria,AST,Astoria,United States,US,67
Asuncion,ASU,Silvio Pettirossi,Paraguay,PY,365
Amboseli,ASV,Amboseli,Kenya,KE,535
Aswan,ASW,Aswan,Egypt,EG,591
Ashland,ASX,Ashland,United States,US,67
Ashley,ASY,Ashley,United States,US,67
Asirim,ASZ,Asirim,Papua New Guinea,PG,804
Anta,ATA,Anta,Peru,PE,368
Atbara,ATB,Atbara,Sudan,SD,583
Atoifi,ATD,Atoifi,Solomon Islands,SB,874
Antlers,ATE,Antlers,United States,US,67
Ambato,ATF,Chachoan,Ecuador,EC,337
Attock,ATG,Attock,Pakistan,PK,764
Athens,ATH,Eleftherios Venizelos,Greece,GR,433
Artigas,ATI,Artigas,Uruguay,UY,385
Antsirabe,ATJ,Antsirabe,Madagascar,MG,541
Atqasuk,ATK,Atqasuk,United States,US,67
Atlanta,ATL,Hartsfield-Jackson Atlanta Int,United States,US,67
Altamira,ATM,Altamira,Brazil,BR,316
Namatanai,ATN,Namatanai,Papua New Guinea,PG,804
Athens,ATO,Ohio University,United States,US,67
Aitape,ATP,Airstrip,Papua New Guinea,PG,804
Amritsar,ATQ,Raja Sansi,India,IN,733
Atar,ATR,Mouakchott,Mauritania,MR,545
Artesia,ATS,Artesia,United States,US,67
Atmautluak,ATT,Atmautluak,United States,US,67
Attu Island,ATU,Casco Cove,United States,US,67
Ati,ATV,Ati,Chad,TD,511
Appleton,ATW,Outagamie County,United States,US,67
Atbasar,ATX,Atbasar,Kazakhstan,KZ,738
Watertown,ATY,Watertown,United States,US,67
Assiut,ATZ,Assiut,Egypt,EG,591
Aruba,AUA,Reina Beatrix,Aruba,AW,277
Itauba,AUB,Itauba,Brazil,BR,316
Arauca,AUC,Arauca,Colombia,CO,327
Augustus Downs,AUD,Augustus Downs,Australia,AU,802
Abu Rudeis,AUE,Abu Rudeis,Egypt,EG,591
Auxerre,AUF,Auxerre Branches,France,FR,427
Augusta,AUG,Augusta,United States,US,67
Abu Dhabi,AUH,Abu Dhabi Intl,United Arab Emirates,AE,678
Aua Island,AUI,Aua Island,Papua New Guinea,PG,804
Ambunti,AUJ,Ambunti,Papua New Guinea,PG,804
Alakanuk,AUK,Alakanuk,United States,US,67
Aur Island,AUL,Aur Island,Marshall Islands,MH,844
Austin,AUM,Austin,United States,US,67
Auburn,AUN,Auburn,United States,US,67
Auburn,AUO,Auburn-Opelika,United States,US,67
Agaun,AUP,Agaun,Papua New Guinea,PG,804
Atuona,AUQ,Atuona,French Polynesia,PF,823
Aurillac,AUR,Aurillac,France,FR,427
Atauro,AUT,Atauro,Indonesia,ID,832
Aurukun Mission,AUU,Aurukun Mission,Australia,AU,802
Aumo,AUV,Aumo,Papua New Guinea,PG,804
Wausau,AUW,Municipal,United States,US,67
Araguaina,AUX,Araguaina,Brazil,BR,316
Aneityum,AUY,Aneityum,Vanuatu,VU,885
Aurora,AUZ,Municipal Airport,United States,US,67
An Shun,AVA,An Shun/Huang Guo Shu,China,CN,713
Aviano,AVB,Aviano,Italy,IT,450
Avoriaz,AVF,Avoriaz,France,FR,427
Auvergne,AVG,Auvergne,Australia,AU,802
Ciego De Avila,AVI,Maximo Gomez,Cuba,CU,219
Arvaikheer,AVK,Arvaikheer,Mongolia,MN,751
Fletcher,AVL,Asheville Regional Airport,United States,US,67
Avignon,AVN,Avignon-Caum,France,FR,427
Avon Park,AVO,Municipal,United States,US,67
Wilkes-Barre,AVP,International,United States,US,67
Avu Avu,AVU,Avu Avu,Solomon Islands,SB,874
Geelong,AVV,Avalon,Australia,AU,802
Tucson,AVW,Avra Valley,United States,US,67
Catalina Island,AVX,Avalon Bay,United States,US,67
Awassa,AWA,Awassa,Ethiopia,ET,522
Awaba,AWB,Awaba,Papua New Guinea,PG,804
Aniwa,AWD,Aniwa,Vanuatu,VU,885
Alowe,AWE,Alowe,Gabon,GA,526
Awareh,AWH,Awareh,Ethiopia,ET,522
Wake Island,AWK,Wake Island,US Minor Outlying Islands,UM,5
West Memphis,AWM,Municipal,United States,US,67
Alton Downs,AWN,Alton Downs,Australia,AU,802
Austral Downs,AWP,Austral Downs,Australia,AU,802
Awar,AWR,Awar,Papua New Guinea,PG,804
Ahwaz,AWZ,Ahwaz,Iran,IR,632
Anguilla,AXA,Wallblake,Anguilla,AI,202
Alexandria Bay,AXB,Alexandria Bay,United States,US,67
Aramac,AXC,Aramac,Australia,AU,802
Alexandroupolis,AXD,Demokritos Airport,Greece,GR,433
Xanxere,AXE,Xanxere,Brazil,BR,316
Algona,AXG,Algona,United States,US,67
Ataq,AXK,Ataq,Yemen,YE,694
Alexandria,AXL,Alexandria,Australia,AU,802
Armenia,AXM,El Eden,Colombia,CO,327
Alexandria,AXN,Alexandria,United States,US,67
Spring Point,AXP,Springpoint Arpt,Bahamas,BS,204
Arutua,AXR,Arutua,French Polynesia,PF,823
Altus,AXS,Municipal,United States,US,67
Akita,AXT,Akita,Japan,JP,736
Axum,AXU,Axum,Ethiopia,ET,522
Wapakoneta,AXV,Neil Armstrong,United States,US,67
Angel Fire,AXX,Angel Fire,United States,US,67
Ayapel,AYA,Ayapel,Colombia,CO,327
Ayacucho,AYC,Ayacucho,Colombia,CO,327
Alroy Downs,AYD,Alroy Downs,Australia,AU,802
Fort Devens,AYE,AAF Heliport,United States,US,67
Yaguara,AYG,Yaguara,Colombia,CO,327
Alconbury,AYH,RAF Station,United Kingdom,GB,493
Yari,AYI,Yari,Colombia,CO,327
Arkalyk,AYK,Arkalyk,Kazakhstan,KZ,738
Anthony Lagoon,AYL,Anthony Lagoon,Australia,AU,802
Anyang,AYN,Anyang,China,CN,713
Ayolas,AYO,Ayolas,Paraguay,PY,365
Ayacucho,AYP,Yanamilla,Peru,PE,368
Ayers Rock,AYQ,Connellan,Australia,AU,802
Ayr,AYR,Ayr,Australia,AU,802
Waycross,AYS,Ware County,United States,US,67
Antalya,AYT,Antalya,Turkey,TR,679
Aiyura,AYU,Aiyura,Papua New Guinea,PG,804
Ayawasi,AYW,Ayawasi,Indonesia,ID,832
Amityville,AYZ,Zahns,United States,US,67
Amazon Bay,AZB,Amazon Bay,Papua New Guinea,PG,804
Yazd,AZD,Yazd,Iran,IR,632
Apatzingan,AZG,Apatzingan,Mexico,MX,148
Abu Dhabi,AZI,Bateen,United Arab Emirates,AE,678
Andizhan,AZN,Andizhan,Uzbekistan,UZ,788
Kalamazoo,AZO,Battle Creek Intl,United States,US,67
Mexico City,AZP,Atizapan,Mexico,MX,148
Adrar,AZR,Adrar,Algeria,DZ,500
Zapatoca,AZT,Zapatoca,Colombia,CO,327
Ambriz,AZZ,Ambriz,Angola,AO,502
Bialla,BAA,Bialla,Papua New Guinea,PG,804
Marysville,BAB,Beale AFB,United States,US,67
Barranca De Upia,BAC,Barranca De Upia,Colombia,CO,327
Shreveport,BAD,Barksdale AFB,United States,US,67
Barcelonnette,BAE,Barcelonnette,France,FR,427
Westfield,BAF,Barnes,United States,US,67
Baguio,BAG,Loakan,Philippines,PH,766
Manama,BAH,Bahrain International,Bahrain,BH,605
Buenos Aires,BAI,Buenos Aires,Costa Rica,CR,110
Bali,BAJ,Bali,Papua New Guinea,PG,804
Baku,BAK,Heydar Aliyev International,Azerbaijan,AZR,0
Batman,BAL,Batman,Turkey,TR,679
Battle Mountain,BAM,Lander County,United States,US,67
Basongo,BAN,Basongo,Zaire,ZR,517
Ban Mak Khaen,BAO,Udorn,Thailand,TH,782
Baibara,BAP,Baibara,Papua New Guinea,PG,804
Barranquilla,BAQ,E Cortissoz,Colombia,CO,575
Baker Island,BAR,Baker AAF,United States,US,67
Balalae,BAS,Balalae,Solomon Islands,SB,874
Barretos,BAT,Barretos,Brazil,BR,316
Bauru,BAU,Bauru,Brazil,BR,316
Baotou,BAV,Baotou,China,CN,713
Biawonque,BAW,Biawonque,Gabon,GA,526
Barnaul,BAX,Barnaul,Russian Federation,RU,770
Baia Mare,BAY,Baia Mare,Romania,RO,473
Barbelos,BAZ,Barbelos,Brazil,BR,316
Balmaceda,BBA,Teniente Vidal,Chile,CL,324
Benson,BBB,Municipal,United States,US,67
Bay City,BBC,Bay City,United States,US,67
Brady,BBD,Curtis Field,United States,US,67
Big Bell,BBE,Big Bell,Australia,AU,802
Burlington,BBF,Burlington,United States,US,67
Butaritari,BBG,Butaritari,Kiribati,KI,824
Barth,BBH,Barth,Germany,DE,429
Bhubaneswar,BBI,Bhubaneswar,India,IN,733
Bitburg,BBJ,Bitburg Air Base,Germany,DE,429
Kasane,BBK,Kasane,Botswana,BW,510
Babolsar,BBL,Babolsar,Iran,IR,632
Battambang,BBM,Battambang,Cambodia,KH,709
Bario,BBN,Bario,Malaysia,MY,749
Berbera,BBO,Berbera,Somalia,SO,573
Bembridge,BBP,Bembridge,United Kingdom,GB,493
Barbuda,BBQ,Barbuda,Antigua and Barbuda,AG,206
Basse Terre,BBR,Baillif,Guadeloupe,GP,235
Yateley,BBS,Blackbushe,United Kingdom,GB,493
Berberati,BBT,Berberati,Central African Republic,CF,509
Bucharest,BBU,Baneasa,Romania,RO,473
Bereby,BBV,Bereby,Cote D'Ivoire (Ivory Coast),CI,533
Broken Bow,BBW,Broken Bow,United States,US,67
Blue Bell,BBX,Wings Field,United States,US,67
Bambari,BBY,Bambari,Central African Republic,CF,509
Zambezi,BBZ,Zambezi,Zambia,ZM,597
Baracoa,BCA,Baracoa,Cuba,CU,219
Blacksburg,BCB,Virginia Tech,United States,US,67
Bear Creek,BCC,Bear Creek,United States,US,67
Bacolod,BCD,Bacolod,Philippines,PH,766
Bryce,BCE,Bryce,United States,US,67
Bouca,BCF,Bouca,Central African Republic,CF,509
Bemichi,BCG,Bemichi,Guyana,GY,350
Baucau,BCH,English Madeira,Indonesia (East Timor),ID,832
Barcaldine,BCI,Barcaldine,Australia,AU,802
Baca Grande,BCJ,Baca Grande,United States,US,67
Bolwarra,BCK,Bolwarra,Australia,AU,802
Barra Colorado,BCL,Barra Colorado,Costa Rica,CR,110
Bacau,BCM,Bacau,Romania,RO,473
Barcelona,BCN,El Prat De Llobregat,Spain,ES,482
Jinka,BCO,Jinka,Ethiopia,ET,522
Bambu,BCP,Bambu,Papua New Guinea,PG,804
Brack,BCQ,Brack,Libya,LY,538
Boca Do Acre,BCR,Boca Do Acre,Brazil,BR,316
Belle Chasse,BCS,Southern Seaplane,United States,US,67
Boca Raton,BCT,Public,United States,US,67
Bauchi,BCU,Bauchi,Nigeria,NG,555
Belmopan,BCV,Belmopan,Belize,BZ,106
Benguera Island,BCW,Benguera Island,Mozambique,MZ,550
Beloreck,BCX,Beloreck,Russian Federation,RU,770
Bulchi,BCY,Bulchi,Ethiopia,ET,522
Bickerton Island,BCZ,Bickerton Island,Australia,AU,802
Bermuda,BDA,Bermuda International,Bermuda,BM,1
Bundaberg,BDB,Bundaberg,Australia,AU,802
Barra Do Corda,BDC,Barra Do Corda,Brazil,BR,316
Badu Island,BDD,Badu Island,Australia,AU,802
Baudette,BDE,Baudette,United States,US,67
Bradford,BDF,Rinkenberger,United States,US,67
Blanding,BDG,Blanding,United States,US,67
Bandar Lengeh,BDH,Bandar Lengeh,Iran,IR,632
Bird Island,BDI,Bird Island,Seychelles,SC,570
Banjarmasin,BDJ,Sjamsudin Noor,Indonesia,ID,832
Bondoukou,BDK,Bondoukou,Cote D'Ivoire (Ivory Coast),CI,533
Windsor Locks,BDL,Bradley International,United States,US,67
Bandirma,BDM,Bandirma,Turkey,TR,679
Badin,BDN,Talhar,Pakistan,PK,764
Bandung,BDO,Husein Sastranegara,Indonesia,ID,832
Bhadrapur,BDP,Bhadrapur,Nepal,NP,755
Vadodara,BDQ,Vadodara,India,IN,265
Bridgeport,BDR,Igor I. Sikorsky Mem.,United States,US,67
Brindisi,BDS,Papola Casale,Italy,IT,450
Gbadolite,BDT,Kisangani,Zaire,ZR,517
Bardufoss,BDU,Bardufoss,Norway,NO,465
Moba,BDV,Moba,Zaire,ZR,517
Bedford Downs,BDW,Bedford Downs,Australia,AU,802
Broadus,BDX,Broadus,United States,US,67
Bandon,BDY,State,United States,US,67
Baindoung,BDZ,Baindoung,Papua New Guinea,PG,804
Bereina,BEA,Bereina,Papua New Guinea,PG,804
Benbecula,BEB,Benbecula,United Kingdom,GB,493
Wichita,BEC,Beech,United States,US,67
Bedford/Hanscom,BED,Hanscom Field,United States,US,67
Beagle Bay,BEE,Beagle Bay,Australia,AU,802
Bluefields,BEF,Bluefields,Nicaragua,NI,153
Belgrade,BEG,Belgrade - Nikola Tesla International Airport,Yugoslavia (Serbia and Montenegro),YU,497
Benton Harbor,BEH,Ross Field,United States,US,67
Beica,BEI,Beica,Ethiopia,ET,522
Berau,BEJ,Berau,Indonesia,ID,832
Bareli,BEK,Bareli,India,IN,733
Belem,BEL,Val De Cans,Brazil,BR,316
Bossembele,BEM,Bossembele,Central African Republic,CF,509
Benghazi,BEN,Benina Intl,Libya,LY,538
Newcastle,BEO,Belmont,Australia,AU,802
Bellary,BEP,Bellary,India,IN,733
Bury St Edmunds,BEQ,Honington,United Kingdom,GB,493
Brest,BES,Guipavas,France,FR,427
Bethel,BET,Bethel Airport,United States,US,67
Bedourie,BEU,Bedourie,Australia,AU,802
Beer Sheba,BEV,Beer Sheba,Israel,IL,636
Beira,BEW,Beira,Mozambique,MZ,550
Benson,BEX,RAF Station,United Kingdom,GB,493
Beirut,BEY,Beirut Rafic Hariri International Airport,Lebanon,LB,647
Beru,BEZ,Beru,Kiribati,KI,824
Bahia Negra,BFA,Bahia Negra,Paraguay,PY,365
Blue Fox Bay,BFB,Blue Fox Bay,United States,US,67
Bloomfield,BFC,Bloomfield,Australia,AU,802
Bradford,BFD,Bradford,United States,US,67
Bielefeld,BFE,Bielefeld,Germany,DE,429
Scottsbluff,BFF,Scotts Bluff County,United States,US,67
Bullfrog Basin,BFG,Bullfrog Basin,United States,US,67
Curitiba.,BFH,Bacacheri,Brazil,BR,316
Seattle,BFI,Boeing Fld Intl,United States,US,67
Ba,BFJ,Ba,Fiji,FJ,821
Denver,BFK,Buckley ANGB,United States,US,67
Bakersfield,BFL,Meadows Field,United States,US,67
Mobile,BFM,Mob Aerospace,United States,US,67
Buffalo Range,BFO,Buffalo Range,Zimbabwe,ZW,565
Beaver Falls,BFP,Beaver Falls,United States,US,67
Bahia Pinas,BFQ,Bahia Pinas,Panama,PA,162
Bedford,BFR,Virgil I Grissom Muni,United States,US,67
Belfast,BFS,Belfast Aldergrove International,United Kingdom,GB,493
Beaufort,BFT,County,United States,US,67
Bengbu,BFU,Bengbu,China,CN,713
Buri Ram,BFV,Buri Ram,Thailand,TH,782
Sidi Belabbes,BFW,Sidi Belabbes,Algeria,DZ,500
Bafoussam,BFX,Bafoussam,Cameroon,CM,504
Bucaramanga,BGA,Palo Negro,Colombia,CO,327
Booue,BGB,Booue,Gabon,GA,526
Braganca,BGC,Braganca,Portugal,PT,469
Borger,BGD,Borger,United States,US,67
Bainbridge,BGE,Decatur County,United States,US,67
Bangui,BGF,Bangui,Central African Republic,CF,509
Bongouanou,BGG,Bongouanou,Cote D'Ivoire (Ivory Coast),CI,533
Boghe,BGH,Abbaye,Mauritania,MR,545
Bridgetown,BGI,Grantley Adams Intl,Barbados,BB,246
Borgarfjordur Eystri,BGJ,Borgarfjordur Eystri,Iceland,IS,439
Big Creek,BGK,Big Creek,Belize,BZ,106
Baglung,BGL,Baglung,Nepal,NP,755
Endicott,BGM,Endicott,United States,US,67
Brueggen,BGN,R.A.F.,Germany,DE,429
Bergen,BGO,"Bergen Airport, Flesland",Norway,NO,465
Bongo,BGP,Bongo,Gabon,GA,526
Big Lake,BGQ,Big Lake,United States,US,67
Bangor,BGR,International,United States,US,67
Big Spring,BGS,Webb AFB,United States,US,67
Bagdad,BGT,Bagdad,United States,US,67
Bangassou,BGU,Bangassou,Central African Republic,CF,509
Bento Goncalves,BGV,Bento Goncalves,Brazil,BR,316
Baghdad,BGW,Al Muthana,Iraq,IQ,634
Bage,BGX,Bage,Brazil,BR,316
Milan/bergamo,BGY,Orio Al Serio,Italy,IT,450
Braga,BGZ,Braga,Portugal,PT,469
Bahia De Caraquez,BHA,Bahia De Caraquez,Ecuador,EC,337
Bar Harbor,BHB,Bar Harbor,United States,US,67
Bhurban,BHC,Bhurban Heliport,United States,US,67
Belfast,BHD,Belfast City Airport,United Kingdom,GB,493
Blenheim,BHE,Blenheim,New Zealand (Aotearoa),NZ,851
Bahia Cupica,BHF,Bahia Cupica,Colombia,CO,327
Brus Laguna,BHG,Brus Laguna,Honduras,HN,131
Bisha,BHH,Bisha,Saudi Arabia,SA,670
Bahia Blanca,BHI,Comandante,Argentina,AR,303
Bhuj,BHJ,Rudra Mata,India,IN,733
Bukhara,BHK,Bukhara,Uzbekistan,UZ,788
Bahia Angeles,BHL,Bahia Angeles,Mexico,MX,148
Birmingham,BHM,Birmingham,United States,US,67
Beihan,BHN,Beihan,Yemen,YE,694
Bhopal,BHO,Bhopal,India,IN,733
Bhojpur,BHP,Bhojpur,Nepal,NP,755
Broken Hill,BHQ,Broken Hill,Australia,AU,802
Bharatpur,BHR,Bharatpur,Nepal,NP,755
Bathurst,BHS,Raglan,Australia,AU,802
Brighton Downs,BHT,Brighton Downs,Australia,AU,802
Bhavnagar,BHU,Bhavnagar,India,IN,733
Bahawalpur,BHV,Bahawalpur,Pakistan,PK,764
Sargodha,BHW,Bhagatanwala Apt,Pakistan,PK,764
Birmingham,BHX,Birmingham International,United Kingdom,GB,493
Beihai,BHY,Beihai,China,CN,713
Bastia,BIA,Poretta,France,FR,427
Baidoa,BIB,Baidoa,Somalia,SO,573
Big Creek,BIC,Big Creek,United States,US,67
Block Island,BID,Block Island,United States,US,67
Beatrice,BIE,Beatrice,United States,US,67
El Paso,BIF,Biggs AAF,United States,US,67
Big Delta,BIG,Intermediate Field,United States,US,67
Bishop,BIH,Bishop,United States,US,67
Bikini Atoll,BII,Enyu Airfield,Marshall Islands,MH,844
Biliau,BIJ,Biliau,Papua New Guinea,PG,804
Biak,BIK,Mokmer,Indonesia,ID,832
Billings,BIL,Billings,United States,US,67
Bimini,BIM,International,Bahamas,BS,204
Bamiyan,BIN,Bamiyan,Afghanistan,AF,701
Bilbao,BIO,Bilbao,Spain,ES,482
Bulimba,BIP,Bulimba,Australia,AU,802
Biarritz,BIQ,Biarritz Parme,France,FR,427
Biratnagar,BIR,Biratnagar,Nepal,NP,755
Bismarck,BIS,Bismarck,United States,US,67
Baitadi,BIT,Baitadi,Nepal,NP,755
Bildudalur,BIU,Bildudalur,Iceland,IS,439
Bria,BIV,Bria,Central African Republic,CF,509
Billiluna,BIW,Billiluna,Australia,AU,802
Biloxi,BIX,Keesler AFB,United States,US,67
Bisho,BIY,Bisho,South Africa,ZA,562
Bimin,BIZ,Bimin,Papua New Guinea,PG,804
Bejaia,BJA,Bejaia,Algeria,DZ,500
Bojnord,BJB,Bojnord,Iran,IR,632
Broomfield,BJC,Jeffco,United States,US,67
Bakkafjordur,BJD,Bakkafjordur,Iceland,IS,439
Batsfjord,BJF,Batsfjord,Norway,NO,465
Bolaang,BJG,Bolaang,Indonesia,ID,832
Bajhang,BJH,Bajhang,Nepal,NP,755
Bemidji,BJI,Bemidji,United States,US,67
Wooster,BJJ,Wayne County,United States,US,67
Benjina,BJK,Benjina,Indonesia,ID,832
Banjul,BJL,Yundum International,Gambia,GM,527
Bujumbura,BJM,International,Burundi,BI,503
Bajone,BJN,Bajone,Mozambique,MZ,550
Bermejo,BJO,Bermejo,Bolivia,BO,312
Braganca Paulista,BJP,Braganca Paulista,Brazil,BR,316
Bahar Dar,BJR,Bahar Dar,Ethiopia,ET,522
Bentota River,BJT,Bentota River,Sri Lanka,LK,711
Bajura,BJU,Bajura Arpt,Nepal,NP,755
Bodrum.,BJV,Milas Airport,Turkey,TR,679
Bajawa,BJW,Bajawa,Indonesia,ID,832
Leon/Guanajuato,BJX,Del Bajio,Mexico,MX,148
Belgrade,BJY,Batajnica,Yugoslavia,YU,497
Badajoz,BJZ,Talaveral La Real,Spain,ES,482
Moscow,BKA,Bykovo,Russian Federation,RU,770
Bikaner,BKB,Bikaner,India,IN,733
Buckland,BKC,Buckland,United States,US,67
Breckenridge,BKD,Stephens County,United States,US,67
Baker,BKE,Baker,United States,US,67
Brooks Lake,BKF,Brooks Lake,United States,US,67
Kekaha,BKH,Barking Sands,United States,US,67
Kota Kinabalu,BKI,Kota Kinabalu,Malaysia,MY,749
Boke,BKJ,Boke,Guinea,GN,531
Bangkok,BKK,International,Thailand,TH,782
Cleveland,BKL,Burke Lakefront,United States,US,67
Bakalalan,BKM,Bakalalan,Malaysia,MY,749
Birni Nkoni,BKN,Birni Nkoni,Niger,NE,554
Bamako,BKO,Bamako,Mali,ML,543
Barkly Downs,BKP,Barkly Downs,Australia,AU,802
Blackall,BKQ,Blackall,Australia,AU,802
Bokoro,BKR,Bokoro,Chad,TD,511
Bengkulu,BKS,Padangkemiling,Indonesia,ID,832
Blackstone,BKT,Blackstone AAF,United States,US,67
Betioky,BKU,Betioky,Madagascar,MG,541
Beckley,BKW,Beckley,United States,US,67
Brookings,BKX,Brookings,United States,US,67
Bukavu,BKY,Kamenbe,Zaire,ZR,517
Bukoba,BKZ,Bukoba,Tanzania,TZ,585
Barcelona,BLA,Gen J A Anzoategui,Venezuela,VE,388
Balboa,BLB,Balboa,Panama,PA,162
Bali,BLC,Ngurah Rai,Cameroon,CM,504
Boulder City,BLD,Boulder City,United States,US,67
Borlange/Falun,BLE,Dala,Sweden,SE,484
Princeton,BLF,Princeton,United States,US,67
Belaga,BLG,Belaga,Malaysia,MY,749
Blythe,BLH,Blythe,United States,US,67
Bellingham,BLI,Bellingham,United States,US,67
Batna,BLJ,Batna,Algeria,DZ,500
Blackpool,BLK,Blackpool,United Kingdom,GB,493
Billund,BLL,Billund,Denmark,DK,419
Belmar,BLM,Monmouth County,United States,US,67
Benalla,BLN,Benalla,Australia,AU,802
Blonduos,BLO,Blonduos,Iceland,IS,439
Bellavista,BLP,Bellavista,Peru,PE,368
Bologna,BLQ,Guglielmo Marconi,Italy,IT,450
Bangalore,BLR,Hal,India,IN,733
Bollon,BLS,Bollon,Australia,AU,802
Blackwater,BLT,Blackwater,Australia,AU,802
Blue Canyon,BLU,Blue Canyon,United States,US,67
Belleville,BLV,Belleville,United States,US,67
Waimanalo,BLW,Bellows Field,United States,US,67
Belluno,BLX,Belluno,Italy,IT,450
Belmullet,BLY,Belmullet,Ireland,IE,441
Blantyre,BLZ,Chileka,Malawi,MW,542
Stockholm,BMA,Bromma,Sweden,SE,484
Bumba,BMB,Bumba,Zaire,ZR,517
Brigham City,BMC,Brigham City,United States,US,67
Belo,BMD,Belo,Madagascar,MG,541
Broome,BME,Broome,Australia,AU,802
Bakouma,BMF,Bakouma,Central African Republic,CF,509
Bloomington,BMG,Bloomington,United States,US,67
Bomai,BMH,Bomai,Papua New Guinea,PG,804
Bloomington-Normal,BMI,Bloomington-Normal,United States,US,67
Baramita,BMJ,Baramita,Guyana,GY,350
Borkum,BMK,Borkum,Germany,DE,429
Berlin,BML,Berlin,United States,US,67
Bitam,BMM,Bitam,Gabon,GA,526
Bamerny,BMN,Bamerny,Iraq,IQ,634
Bhamo,BMO,Bhamo,Myanmar,MM,706
Brampton Island,BMP,Brampton Island,Australia,AU,802
Bamburi,BMQ,Bamburi,Kenya,KE,535
Baltrum,BMR,Baltrum,Germany,DE,429
Brumado,BMS,Brumado,Brazil,BR,316
Beaumont,BMT,Beaumont Muni,United States,US,67
Bima,BMU,Bima,Indonesia,ID,832
Banmethuot,BMV,Phung-Duc,Viet Nam,VN,791
Bordj Badji Mokhtar,BMW,Bordj Badji Mokhtar,Algeria,DZ,500
Big Mountain,BMX,Big Mountain,United States,US,67
Belep Island,BMY,Belep Island,New Caledonia,NC,846
Bamu,BMZ,Bamu,Papua New Guinea,PG,804
Nashville,BNA,Metropolitan,United States,US,67
Boende,BNB,Boende,Zaire,ZR,517
Beni,BNC,Beni,Zaire,ZR,517
Bandar Abbas,BND,Bandar Abbas,Iran,IR,632
Brisbane,BNE,Brisbane International,Australia,AU,802
Baranof,BNF,Warm Spring Bay SPB,United States,US,67
Banning,BNG,Banning,United States,US,67
Hartford,BNH,Barnes,United States,US,67
Benin City,BNI,Benin City,Nigeria,NG,555
Ballina,BNK,Ballina Byron Gateway,Australia,AU,802
Barnwell,BNL,Barnwell County,United States,US,67
Bodinumu,BNM,Bodinumu,Papua New Guinea,PG,804
Bronnoysund,BNN,Bronnoy,Norway,NO,465
Burns,BNO,Burns,United States,US,67
Bannu,BNP,Bannu,Pakistan,PK,764
Baganga,BNQ,Baganga,Philippines,PH,766
Banfora,BNR,Banfora,Burkina Faso,BF,593
Barinas,BNS,Barinas,Venezuela,VE,388
Bundi,BNT,Bundi,Papua New Guinea,PG,804
Blumenau,BNU,Blumenau,Brazil,BR,316
Boana,BNV,Boana,Papua New Guinea,PG,804
Boone,BNW,Boone,United States,US,67
Banja Luka,BNX,Banja Luka,Bosnia And Herzegovina,BA,410
Bellona,BNY,Bellona,Solomon Islands,SB,874
Banz,BNZ,Banz,Papua New Guinea,PG,804
Boma,BOA,Boma,Zaire,ZR,517
Bora Bora,BOB,Motu-mute,French Polynesia,PF,823
Bocas Del Toro,BOC,Bocas Del Toro,Panama,PA,162
Bordeaux,BOD,Bordeaux Airport,France,FR,427
Boundji,BOE,Boundji,Congo,CG,515
Washington,BOF,Bolling AFB,United States,US,67
Bogota,BOG,Eldorado,Colombia,CO,327
Bournemouth,BOH,Bournemouth International,United Kingdom,GB,493
Boise,BOI,Air Term. (Gowen Fld),United States,US,67
Bourgas,BOJ,Bourgas,Bulgaria,BG,411
Brookings,BOK,Brookings State,United States,US,67
Bally Kelly,BOL,Bally Kelly,United Kingdom,GB,493
Mumbai,BOM,Chhatrapati Shivaji,India,IN,733
Bonaire,BON,Flamingo International,Netherlands Antilles,AN,259
Bodo,BOO,Bodo,Norway,NO,465
Bouar,BOP,Bouar,Central African Republic,CF,509
Boku,BOQ,Boku,Papua New Guinea,PG,804
Belfort,BOR,Fontaine,France,FR,427
Boston,BOS,Logan International,United States,US,67
Boset,BOT,Boset,Papua New Guinea,PG,804
Bourges,BOU,Bourges,France,FR,427
Boang,BOV,Boang,Papua New Guinea,PG,804
Bartow,BOW,Bartow,United States,US,67
Borroloola,BOX,Borroloola,Australia,AU,802
Bobo Dioulasso,BOY,Borgo,Burkina Faso,BF,593
Bozoum,BOZ,Bozoum,Central African Republic,CF,509
Bethpage,BPA,Grumman,United States,US,67
Boridi,BPB,Boridi,Papua New Guinea,PG,804
Bamenda,BPC,Bamenda,Cameroon,CM,504
Bapi,BPD,Bapi,Papua New Guinea,PG,804
Bagan,BPE,Bagan,Myanmar,MM,706
Batuna,BPF,Batuna Aerodrome,Solomon Islands,SB,874
Barra Do Garcas,BPG,Barra Do Garcas,Brazil,BR,316
Bislig,BPH,Bislig,Philippines,PH,766
Big Piney,BPI,Big Piney-marbleton,United States,US,67
Biangabip,BPK,Biangabip,Papua New Guinea,PG,804
Balikpapan,BPN,Sepingan,Indonesia,ID,832
Porto Seguro,BPS,Porto Seguro,Brazil,BR,316
Beaumont,BPT,Jefferson County,United States,US,67
Beppu,BPU,Beppu,Japan,JP,736
Bangda,BPX,Bangda,China,CN,713
Besalampy,BPY,Besalampy,Madagascar,MG,541
Baler,BQA,Baler,Philippines,PH,766
Bussellton,BQB,Bussellton Airport,Australia,AU,802
Bubaque,BQE,Bubaque,Guinea-Bissau,GW,559
Biggin Hill,BQH,Biggin Hill,United Kingdom,GB,493
Bagani,BQI,Bagani,Namibia,NA,575
Brunswick,BQK,Glynco Jetport,United States,US,67
Boulia,BQL,Boulia,Australia,AU,802
Aguadilla,BQN,Borinquen,Puerto Rico,PR,3
Bouna,BQO,Bouna,Cote D'Ivoire (Ivory Coast),CI,533
Barra,BQQ,Barra,Brazil,BR,316
Blagoveschensk,BQS,Blagoveschensk,Russian Federation,RU,770
Brest,BQT,Brest,Belarus,BY,413
Port Elizabeth,BQU,Bequia Airport,Saint Vincent and the Grenadines,VC,279
Gustavus,BQV,Bartlett SPB,United States,US,67
Balgo Hills,BQW,Balgo Hills,Australia,AU,802
Barreiras,BRA,Barreiras,Brazil,BR,316
Barreirinhas,BRB,Barreirinhas,Brazil,BR,316
San Carlos DeBariloche,BRC,International,Argentina,AR,303
Brainerd,BRD,Crow Wing County,United States,US,67
Bremen,BRE,Bremen,Germany,DE,429
Bradford,BRF,Bradford,United Kingdom,GB,493
Whitesburg,BRG,Municipal,United States,US,67
Brahman,BRH,Brahman,Papua New Guinea,PG,804
Bari,BRI,Palese,Italy,IT,450
Bright,BRJ,Bright,Australia,AU,802
Bourke,BRK,Bourke,Australia,AU,802
Burlington,BRL,Burlington,United States,US,67
Barquisimeto,BRM,Barquisimeto,Venezuela,VE,388
Berne,BRN,Belp,Switzerland,CH,486
Brownsville,BRO,South Padre Is. Intl,United States,US,67
Biaru,BRP,Biaru,Papua New Guinea,PG,804
Brno,BRQ,Turany,Czechoslovakia (former),CS,418
Barra,BRR,North Bay,United Kingdom,GB,493
Bristol,BRS,Bristol,United Kingdom,GB,493
Bathurst Island,BRT,Bathurst Island,Australia,AU,802
Brussels,BRU,National,Belgium,BE,409
Bremerhaven,BRV,Bremerhaven,Germany,DE,429
Barrow,BRW,Wiley Post/W.Rogers M,United States,US,67
Barahona,BRX,Barahona,Dominican Republic,DO,224
Bardstown,BRY,Samuels Field,United States,US,67
Borotou,BRZ,Borotou,Cote D'Ivoire (Ivory Coast),CI,533
Bossaso,BSA,Bossaso,Somalia,SO,573
Brasilia,BSB,Presidente Juscelino Kubitschek International Airport,Brazil,BR,316
Bahia Solano,BSC,Bahia Solano,Colombia,CO,327
Baoshan,BSD,Baoshan,China,CN,713
Sematan,BSE,Sematan,Malaysia,MY,749
Pohakuloa,BSF,Bradshaw AAF,United States,US,67
Bata,BSG,Bata,Equatorial Guinea,GQ,521
Brighton,BSH,Brighton,United Kingdom,GB,493
Blairsville,BSI,Blairsville,United States,US,67
Bairnsdale,BSJ,Bairnsdale,Australia,AU,802
Biskra,BSK,Biskra,Algeria,DZ,500
Mulhouse/Basel,BSL,EuroAirport Swiss CH,Switzerland,CH,486
Bishe-Kola,BSM,Bishe-Kola,United States,US,67
Bossangoa,BSN,Bossangoa,Central African Republic,CF,509
Basco,BSO,Basco,Philippines,PH,766
Bensbach,BSP,Bensbach,Papua New Guinea,PG,804
Bisbee,BSQ,Bisbee Municipal Arpt,United States,US,67
Basra,BSR,International,Iraq,IQ,634
Balsas,BSS,Balsas,Brazil,BR,316
Bost,BST,Bost,Afghanistan,AF,701
Basankusu,BSU,Basankusu,Zaire,ZR,517
Besakoa,BSV,Besakoa,Papua New Guinea,PG,804
Boswell Bay,BSW,Boswell Bay,United States,US,67
Bassein,BSX,Bassein,Myanmar,MM,706
Bardera,BSY,Bardera,Somalia,SO,573
Bartletts,BSZ,Bartletts,United States,US,67
Yaoundé,BTA,Yaoundé,Cameroon,CM,504
Betou,BTB,Betou,Congo,CG,515
Batticaloa,BTC,Batticaloa,Sri Lanka,LK,711
Brunette Downs,BTD,Brunette Downs,Australia,AU,802
Bonthe,BTE,Bonthe,Sierra Leone,SL,571
Bountiful,BTF,Salt Lake Skypark,United States,US,67
Batangafo,BTG,Batangafo,Central African Republic,CF,509
Batam,BTH,Hang Nadim,Indonesia,ID,832
Barter Island,BTI,Barter Island,United States,US,67
Banda Aceh,BTJ,Blang Bintang,Indonesia,ID,832
Bratsk,BTK,Bratsk,Russian Federation,RU,770
Battle Creek,BTL,WK Kellogg Regional,United States,US,67
Butte,BTM,Butte,United States,US,67
Bennettsville,BTN,Bennettsville,United States,US,67
Botopasie,BTO,Botopasie,Suriname,SR,379
Butler,BTP,Graham Field,United States,US,67
Butare,BTQ,Butare,Rwanda,RW,566
Baton Rouge,BTR,Ryan,United States,US,67
Bratislava,BTS,Ivanka,Slovak Republic,SK,483
Bettles,BTT,Bettles,United States,US,67
Bintulu,BTU,Bintulu,Malaysia,MY,749
Burlington,BTV,International,United States,US,67
Batu Licin,BTW,Batu Licin,Indonesia,ID,832
Betoota,BTX,Betoota,Australia,AU,802
Beatty,BTY,Beatty,United States,US,67
Bursa,BTZ,Bursa Airport,Turkey,TR,679
Buka,BUA,Buka,Papua New Guinea,PG,804
Burwell,BUB,Municipal,United States,US,67
Burketown,BUC,Burketown,Australia,AU,802
Budapest,BUD,Ferihegy,Hungary,HU,437
Buffalo,BUF,Buffalo Niagara International,United States,US,0
Benguela,BUG,Gen V Deslandes,Angola,AO,502
Bokondini,BUI,Bokondini,Indonesia,ID,832
Boussaada,BUJ,Ain Eddis,Algeria,DZ,500
Albuq,BUK,Albuq,Yemen,YE,694
Bulolo,BUL,Bulolo,Papua New Guinea,PG,804
Butler,BUM,Butler,United States,US,67
Buenaventura,BUN,Buenaventura,Colombia,CO,327
Burao,BUO,Burao,Somalia,SO,573
Bhatinda,BUP,Bhatinda,India,IN,733
Bulawayo,BUQ,Bulawayo,Zimbabwe,ZW,565
Burbank,BUR,Bob Hope,United States,US,67
Batumi,BUS,Batumi,Georgia,GE,432
Burtonwood,BUT,Burtonwood,United Kingdom,GB,493
Buyo,BUU,Buyo,Cote D'Ivoire (Ivory Coast),CI,533
Bella Union,BUV,Bella Union,Uruguay,UY,385
Baubau,BUW,Baubau,Indonesia,ID,832
Bunia,BUX,Bunia,Zaire,ZR,517
Bunbury,BUY,Bunbury,Australia,AU,802
Bushehr,BUZ,Bushehr,Iran,IR,632
Paris,BVA,Beauvais-Tille,France,FR,427
Boa Vista,BVB,Boa Vista,Brazil,BR,316
Boa Vista,BVC,Rabil,Cape Verde,CV,507
Beaver Inlet,BVD,Sea Port,United States,US,67
Brive-La-Gaillarde,BVE,Laroche,France,FR,427
Bua,BVF,Dama,Fiji,FJ,821
Berlevag,BVG,Berlevag,Norway,NO,465
Vilhena,BVH,Vilhena,Brazil,BR,316
Birdsville,BVI,Birdsville,Australia,AU,802
Huacaraje,BVK,Huacaraje,Bolivia,BO,312
Baures,BVL,Baures,Bolivia,BO,312
Belmonte,BVM,Belmonte,Brazil,BR,316
Bartlesville,BVO,Bartlesville,United States,US,67
Bolovip,BVP,Bolovip,Papua New Guinea,PG,804
Brava,BVR,Esperadinha,Cape Verde,CV,507
Breves,BVS,Breves,Brazil,BR,316
Beluga,BVU,Beluga,United States,US,67
Batavia Downs,BVW,Batavia Downs,Australia,AU,802
Batesville,BVX,Municipal,United States,US,67
Beverly,BVY,Beverly,United States,US,67
Beverley Springs,BVZ,Beverley Springs,Australia,AU,802
Bhairawa,BWA,Bhairawa,Nepal,NP,755
Barrow Island,BWB,Barrow Island,Australia,AU,802
Brawley,BWC,Brawley,United States,US,67
Brownwood,BWD,Brownwood,United States,US,67
Braunschweig,BWE,Braunschweig,Germany,DE,429
Barrow-In-Furness,BWF,Walney Island,United Kingdom,GB,493
Bowling Green,BWG,Warren County,United States,US,67
Butterworth,BWH,Butterworth,Malaysia,MY,749
Baltimore,BWI,Balt/wash International,United States,US,67
Bawan,BWJ,Bawan,Papua New Guinea,PG,804
Bol,BWK,Bol,Croatia (Hrvatska),HR,385
Blackwell,BWL,Blackwell,United States,US,67
Bowman,BWM,Bowman,United States,US,67
Bandar Seri Begawan,BWN,Brunei International,Brunei Darussalam,BN,704
Balakovo,BWO,Balakovo,Russian Federation,RU,770
Bewani,BWP,Bewani,Papua New Guinea,PG,804
Brewarrina,BWQ,Brewarrina,Australia,AU,802
Blaine,BWS,Blaine,United States,US,67
Burnie,BWT,Burnie Wynyard,Australia,AU,802
Sydney,BWU,Sydney Bankstown,Australia,AU,802
Woodbridge,BWY,Bentwaters St,United Kingdom,GB,493
Bogalusa,BXA,George R Carr,United States,US,67
Babo,BXB,Babo,Indonesia,ID,832
Boxborough,BXC,Boxborough,United States,US,67
Bade,BXD,Bade,Indonesia,ID,832
Bakel,BXE,Bakel,Senegal,SN,569
Belburn,BXF,Belburn,Australia,AU,802
Bendigo,BXG,Bendigo,Australia,AU,802
Balhash,BXH,Balhash,Kazakhstan,KZ,738
Boundiali,BXI,Boundiali,Cote D'Ivoire (Ivory Coast),CI,533
Burundai,BXJ,Burundai,Kazakhstan,KZ,738
Buckeye,BXK,Buckeye,United States,US,67
Blue Lagoon,BXL,Blue Lagoon,Fiji,FJ,821
Batom,BXM,Batom,Indonesia,ID,832
Bodrum,BXN,Imsik Airport,Turkey,TR,679
Buochs,BXO,Buochs,Guinea-Bissau,GW,559
Bam,BXR,Bam,Iran,IR,632
Borrego Springs,BXS,Borrego Springs,United States,US,67
Bontang,BXT,Bontang,Indonesia,ID,832
Butuan,BXU,Butuan,Philippines,PH,766
Breiddalsvik,BXV,Breiddalsvik,Iceland,IS,439
Borama,BXX,Borama,Somalia,SO,573
Bunsil,BXZ,Bunsil,Papua New Guinea,PG,804
Boundary,BYA,Boundary,United States,US,67
Dibaa,BYB,Dibaa,Oman,OM,658
Yacuiba,BYC,Yacuiba,Bolivia,BO,312
Beidah,BYD,Beidah,Yemen,YE,694
Buffalo,BYG,Municipal,United States,US,67
Blytheville,BYH,Blytheville AFB,United States,US,67
Rupert,BYI,Rupert,United States,US,67
Bouake,BYK,Bouake,Cote D'Ivoire (Ivory Coast),CI,533
Bella Yella,BYL,Bella Yella,Liberia,LR,537
Bayamo,BYM,C.M. de Cespedes,Cuba,CU,219
Bayankhongor,BYN,Bayankhongor,Mongolia,MN,751
Bonito,BYO,Bonito Airport,Brazil,BR,316
Bunyu,BYQ,Bunyu,Indonesia,ID,832
Laeso Island,BYR,Laeso Airport,Denmark,DK,419
Fort Irwin,BYS,Bicycle Lake AAF,United States,US,67
Bantry,BYT,Bantry,Ireland,IE,441
Bayreuth,BYU,Bindlacher-Berg,Germany,DE,429
Blakely Island,BYW,Blakely Island,United States,US,67
Baniyala,BYX,Baniyala,Australia,AU,802
Bonanza,BZA,San Pedro,Nicaragua,NI,153
Bazaruto Island,BZB,Bazaruto Island,Mozambique,MZ,550
Buzios,BZC,Buzios,Brazil,BR,316
Balranald,BZD,Balranald,Australia,AU,802
Belize City,BZE,Philip S.W.Goldson Int,Belize,BZ,106
Bydgoszcz,BZG,Bydgoszcz I. J. Paderewski Airport,Poland,PL,467
Bumi Hills,BZH,Bumi Hills,Zimbabwe,ZW,565
Balikesir,BZI,Balikesir,Turkey,TR,679
Briansk,BZK,Briansk,Russian Federation,RU,770
Barisal,BZL,Barisal,Bangladesh,BD,703
Bergen Op Zoom,BZM,Woensdrecht,Netherlands,NL,461
Bozeman,BZN,Gallatin Field,United States,US,67
Bolzano,BZO,Bolzano,Italy,IT,450
Bizant,BZP,Bizant,Australia,AU,802
Beziers,BZR,Beziers Vias,France,FR,427
Washington,BZS,Buzzards Pt S,United States,US,67
Brazoria,BZT,Hinkles Ferry,United States,US,67
Buta,BZU,Buta,Zaire,ZR,517
Brazzaville,BZV,Maya Maya,Congo,CG,515
Beltsy,BZY,Beltsy,Moldova,MD,457
Brize Norton,BZZ,Raf Station,United Kingdom,GB,493
Catacamas,CAA,Catacamas,Honduras,HN,131
Cabinda,CAB,Cabinda,Angola,AO,502
Cascavel,CAC,Cascavel,Brazil,BR,316
Cadillac,CAD,Cadillac,United States,US,67
Columbia,CAE,Metropolitan Airport,United States,US,67
Carauari,CAF,Carauari,Brazil,BR,316
Cagliari,CAG,Cagliari Elmas - Mario Mameli,Italy,IT,450
Ca Mau,CAH,Ca Mau,Viet Nam,VN,791
Cairo,CAI,International,Egypt,EG,591
Canaima,CAJ,Canaima,Venezuela,VE,388
Akron/Canton,CAK,Akron/Canton Regional,United States,US,67
Campbeltown,CAL,Machrihanish,United Kingdom,GB,493
Camiri,CAM,Camiri,Bolivia,BO,312
Guangzhou,CAN,Baiyun,China,CN,713
Clayton,CAO,Clayton,United States,US,67
Cap Haitien,CAP,Cap Haitien,Haiti,HT,509
Caucasia,CAQ,Caucasia,Colombia,CO,327
Caribou,CAR,Municipal,United States,US,67
Casablanca,CAS,Anfa,Morocco,MA,548
Cat Island,CAT,Cat Island,Bahamas,BS,204
Caruaru,CAU,Caruaru,Brazil,BR,316
Cazombo,CAV,Cazombo,Angola,AO,502
Campos,CAW,Bartolomeu Lisandro,Brazil,BR,316
Carlisle,CAX,Carlisle,United Kingdom,GB,493
Cayenne,CAY,Rochambeau,French Guiana,GF,344
Cobar,CAZ,Cobar,Australia,AU,802
Corner Bay,CBA,Corner Bay,United States,US,67
Cochabamba,CBB,J Wilsterman,Bolivia,BO,312
Cherrabun,CBC,Cherrabun,Australia,AU,802
Car Nicobar,CBD,Car Nicobar,India,IN,733
Cumberland,CBE,Wiley Ford,United States,US,67
Council Bluffs,CBF,Municipal,United States,US,67
Cambridge,CBG,Cambridge,United Kingdom,GB,493
Bechar,CBH,Leger,Algeria,DZ,500
Cape Barren Island,CBI,Cape Barren Island,Australia,AU,802
Cabo Rojo,CBJ,Cabo Rojo,Dominican Republic,DO,224
Colby,CBK,Municipal,United States,US,67
Ciudad Bolivar,CBL,Ciudad Bolivar,Venezuela,VE,388
Columbus,CBM,Columbus AFB,United States,US,67
Cirebon,CBN,Penggung,Indonesia,ID,832
Cotabato,CBO,Awang,Philippines,PH,766
Coimbra,CBP,Coimbra,Portugal,PT,469
Calabar,CBQ,Calabar,Nigeria,NG,555
Canberra,CBR,Canberra,Australia,AU,802
Cabimas,CBS,Oro Negro,Venezuela,VE,388
Catumbela,CBT,Catumbela,Angola,AO,502
Cottbus,CBU,Cottbus,Germany,DE,429
Coban,CBV,Coban,Guatemala,GT,127
Campo Mourao,CBW,Campo Mourao,Brazil,BR,316
Condobolin,CBX,Condobolin,Australia,AU,802
Canobie,CBY,Canobie,Australia,AU,802
Cabin Creek,CBZ,Cabin Creek,United States,US,67
Fort Chaffee,CCA,Chaffee AFB,United States,US,67
Upland,CCB,Cable,United States,US,67
Cayo Coco,CCC,Cayo Coco,Cuba,CU,219
Los Angeles,CCD,Century City,United States,US,67
St Martin,CCE,Grand Case,Guadeloupe,GP,235
Carcassonne,CCF,Salvaza,France,FR,427
Crane,CCG,Crane County Arpt,United States,US,67
Chile Chico,CCH,Chile Chico,Chile,CL,324
Concordia,CCI,Concordia,Brazil,BR,316
Kozhikode,CCJ,Kozhikode Airport,India,IN,733
Cocos Islands,CCK,Cocos Islands,Cocos (Keeling) Islands,CC,812
Chinchilla,CCL,Chinchilla,Australia,AU,802
Criciuma,CCM,Criciuma,Brazil,BR,316
Chakcharan,CCN,Chakcharan,Afghanistan,AF,701
Carimagua,CCO,Carimagua,Colombia,CO,327
Concepcion,CCP,Carriel Sur,Chile,CL,324
Cachoeira,CCQ,Cachoeira,Brazil,BR,316
Concord,CCR,Buchanan Fld,United States,US,67
Caracas,CCS,Maiquetia,Venezuela,VE,388
Colonia Catriel,CCT,Colonia Catriel,Argentina,AR,303
Kolkata,CCU,Netaji Subhas Chandra,India,IN,733
Craig Cove,CCV,Craig Cove,Vanuatu,VU,885
Cowell,CCW,Cowell,Australia,AU,802
Caceres,CCX,Caceres,Brazil,BR,316
Charles City,CCY,Municipal,United States,US,67
Chub Cay,CCZ,Chub Cay,Bahamas,BS,204
Cooinda,CDA,Cooinda,Australia,AU,802
Cold Bay,CDB,Cold Bay,United States,US,67
Cedar City,CDC,Cedar City,United States,US,67
Cauquira,CDD,Cauquira,Honduras,HN,131
Caledonia,CDE,Caledonia,Panama,PA,162
Paris,CDG,Charles De Gaulle,France,FR,427
Camden,CDH,Harrell Fld,United States,US,67
Cachoeiro Itapemirim,CDI,Cachoeiro Itapemirim,Brazil,BR,316
Conceicao Do Araguaia,CDJ,Conceicao Do Araguaia,Brazil,BR,316
Cedar Key,CDK,Lewis,United States,US,67
Candle,CDL,Candle,United States,US,67
Camden,CDN,Woodward Fld,United States,US,67
Cradock,CDO,Cradock,South Africa,ZA,562
Cuddapah,CDP,Cuddapah,India,IN,733
Croydon,CDQ,Croydon,Australia,AU,802
Chadron,CDR,Chadron,United States,US,67
Childress,CDS,Childress,United States,US,67
Camden,CDU,Camden,Australia,AU,802
Cordova,CDV,Mudhole Smith,United States,US,67
Caldwell,CDW,Caldwell Wright,United States,US,67
Cagayan De Sulu,CDY,Cagayan De Sulu,Philippines,PH,766
Cadiz,CDZ,Cadiz,Spain,ES,482
Wichita,CEA,Cessna Aircraft Field,United States,US,67
Cebu,CEB,Mactan International,Philippines,PH,766
Crescent City,CEC,Mc Namara Fld,United States,US,67
Ceduna,CED,Ceduna,Australia,AU,802
Cherepovets,CEE,Cherepovets,Russian Federation,RU,770
Springfield,CEF,Westover Metro Arpt,United States,US,67
Chester,CEG,Chester,United Kingdom,GB,493
Chelinda,CEH,Chelinda,Malawi,MW,542
Chiang Rai,CEI,Chiang Rai,Thailand,TH,782
Chernigov,CEJ,Chernigov,Ukraine,UA,488
Chelyabinsk,CEK,Chelyabinsk,Russian Federation,RU,770
Cape Eleuthera,CEL,Cape Eleuthera,Bahamas,BS,204
Central,CEM,Central,United States,US,67
Ciudad Obregon,CEN,Ciudad Obregon,Mexico,MX,148
Waco Kungo,CEO,Waco Kungo,Angola,AO,502
Concepcion,CEP,Concepcion,Bolivia,BO,312
Cannes,CEQ,Mandelieu,France,FR,427
Cherbourg,CER,Maupertus,France,FR,427
Cessnock,CES,Cessnock,Australia,AU,61
Cholet,CET,Le Pontreau,France,FR,427
Clemson,CEU,Oconee County,United States,US,67
Connersville,CEV,Mettle Field,United States,US,67
Crestview,CEW,Bob Sikes,United States,US,67
Chena Hot Springs,CEX,Chena Hot Springs,United States,US,67
Murray,CEY,Calloway County,United States,US,67
Cortez,CEZ,Montezuma County,United States,US,67
Coffee Point,CFA,Coffee Point,United States,US,67
Cabo Frio,CFB,Cabo Frio,Brazil,BR,316
Cacador,CFC,Cacador,Brazil,BR,316
Bryan,CFD,Coulter Field,United States,US,67
Clermont-Ferrand,CFE,Aulnat,France,FR,427
Cafunfo,CFF,Cafunfo,Angola,AO,502
Cienfuegos,CFG,Cienfuegos,Cuba,CU,219
Clifton Hills,CFH,Clifton Hills,Australia,AU,802
Camfield,CFI,Camfield,Australia,AU,802
Chlef,CFK,Abou Bakr Belkaid,Algeria,DZ,500
Donegal,CFN,Donegal,Ireland,IE,441
Confreza,CFO,Confreza,Brazil,BR,316
Carpentaria Downs,CFP,Carpentaria Downs,Australia,AU,802
Creston,CFQ,Creston,Canada,CA,906
Caen,CFR,Carpiquet,France,FR,427
Coffs Harbour,CFS,Coffs Harbour,Australia,AU,802
Clifton,CFT,Morenci,United States,US,67
Kerkyra,CFU,I. Kapodistrias,Greece,GR,433
Coffeyville,CFV,Municipal,United States,US,67
Craig,CGA,Craig SPB,United States,US,67
Cuiaba,CGB,M. Rondon,Brazil,BR,316
Cape Gloucester,CGC,Cape Gloucester,Papua New Guinea,PG,804
Changde,CGD,Changde,China,CN,713
Cambridge,CGE,Cambridge,United States,US,67
Cleveland,CGF,Cuyahoga County,United States,US,67
Casiguran,CGG,Casiguran,Philippines,PH,766
Sao Paulo,CGH,Congonhas,Brazil,BR,316
Cape Girardeau,CGI,Cape Girardeau,United States,US,67
Chingola,CGJ,Chingola,Zambia,ZM,597
Camiguin,CGM,Mambajao,Philippines,PH,766
Cologne,CGN,Cologne/bonn,Germany,DE,429
Zhengzhou,CGO,Zhengzhou,China,CN,713
Chittagong,CGP,Patenga,Bangladesh,BD,703
Changchun,CGQ,Changchun,China,CN,713
Campo Grande,CGR,Internacional,Brazil,BR,316
College Park,CGS,College Park,United States,US,67
Chinguitti,CGT,Chinguitti,Mauritania,MR,545
Ciudad Guayana,CGU,Ciudad Guayana,Venezuela,VE,388
Caiguna,CGV,Caiguna,Australia,AU,802
Chicago,CGX,Merrill C Meigs,United States,US,67
Cagayan De Oro,CGY,Lumbia,Philippines,PH,766
Casa Grande,CGZ,Municipal,United States,US,67
Chattanooga,CHA,Lovell Field,United States,US,67
Chilas,CHB,Chilas,Pakistan,PK,764
Christchurch,CHC,Christchurch International,New Zealand (Aotearoa),NZ,643
Chandler,CHD,Williams AFB,United States,US,67
Caherciveen,CHE,Reenroe,Ireland,IE,441
Jinhae,CHF,Jinhae,Korea (South),KR,778
Chaoyang,CHG,Chaoyang Airport,China,CN,713
Chachapoyas,CHH,Chachapoyas,Peru,PE,368
Chicago,CHI,Chicago FSS,United States,US,67
Chipinge,CHJ,Chipinge,Zimbabwe,ZW,565
Chickasha,CHK,Municipal,United States,US,67
Challis,CHL,Challis,United States,US,67
Chimbote,CHM,Chimbote,Peru,PE,368
Jeonju,CHN,Jeonju,Korea (South),KR,778
Charlottesville,CHO,Albemarle,United States,US,67
Circle Hot Springs,CHP,Circle Hot Springs,United States,US,67
Chania,CHQ,Souda,Greece,GR,433
Chateauroux,CHR,Chateauroux,France,FR,427
Charleston,CHS,AFB Municipal,United States,US,67
Chatham Island,CHT,Karewa,New Zealand (Aotearoa),NZ,851
Chuathbaluk,CHU,Chuathbaluk,United States,US,67
Chaves,CHV,Chaves,Portugal,PT,469
Jiuquan,CHW,Jiuquan,China,CN,713
Changuinola,CHX,Changuinola,Panama,PA,162
Choiseul Bay,CHY,Choiseul Bay,Solomon Islands,SB,874
Chiloquin,CHZ,State,United States,US,67
Rome,CIA,Ciampino,Italy,IT,450
Catalina Island,CIB,Ap In The Sky,United States,US,67
Chico,CIC,Chico,United States,US,67
Cedar Rapids,CID,Cedar Rapids,United States,US,67
Collie,CIE,Collie,Australia,AU,802
Chifeng,CIF,Chifeng,China,CN,713
Craig,CIG,Craig-Moffat,United States,US,67
Changzhi,CIH,Changzhi,China,CN,713
Cobija,CIJ,E. Beltram,Bolivia,BO,312
Chalkyitsik,CIK,Chalkyitsik,United States,US,67
Council,CIL,Melsing Creek,United States,US,67
Cimitarra,CIM,Cimitarra,Colombia,CO,327
Carroll,CIN,Carroll,United States,US,67
Concepcion,CIO,MCAL Lopez,Paraguay,PY,365
Chipata,CIP,Chipata,Zambia,ZM,597
Chiquimula,CIQ,Chiquimula,Guatemala,GT,127
Cairo,CIR,Cairo,United States,US,67
Canton Island,CIS,Canton Island,Kiribati,KI,824
Shimkent,CIT,Shimkent,Kazakhstan,KZ,738
Sault Ste Marie,CIU,Chippewa County,United States,US,67
Chomley,CIV,Chomley,United States,US,67
Canouan Island,CIW,Canouan Island,Saint Vincent and the Grenadines,VC,279
Chiclayo,CIX,Cornel Ruiz,Peru,PE,368
Comiso,CIY,Comiso,Italy,IT,450
Coari,CIZ,Coari,Brazil,BR,316
Cajamarca,CJA,Cajamarca,Peru,PE,368
Coimbatore,CJB,Peelamedu,India,IN,733
Calama,CJC,El Loa,Chile,CL,324
Candilejas,CJD,Candilejas,Colombia,CO,327
Chilko Lake,CJH,Chilko Lake,Canada,CA,906
Ciudad Real,CJI,Ciudad Real,Spain,ES,482
Cheongju,CJJ,Cheongju,Korea (South),KR,778
Chitral,CJL,Chitral,Pakistan,PK,764
Chumphon,CJM,Chumphon Airport,Thailand,TH,782
El Cajon,CJN,El Cajon,United States,US,67
Ciudad Juarez,CJS,Intl Abraham Gonzalez,Mexico,MX,148
Comitan,CJT,Copalar,Mexico,MX,148
Jeju,CJU,Jeju Airport,Korea (South),KR,778
Cherokee,CKA,Kegelman Af,United States,US,67
Clarksburg,CKB,Benedum,United States,US,67
Cherkassy,CKC,Cherkassy,Ukraine,UA,488
Crooked Creek,CKD,Crooked Creek,United States,US,67
Clear Lake,CKE,Clear Lake,United States,US,67
Chongqing,CKG,Chongqing Jiangbei International,China,CN,713
Chokurdah,CKH,Chokurdah,Russian Federation,RU,770
Croker Island,CKI,Croker Island,Australia,AU,802
Cherokee,CKK,Cherokee,United States,US,67
Chkalovsky,CKL,Chkalovsky,Russian Federation,RU,770
Clarksdale,CKM,Fletcher Field,United States,US,67
Crookston,CKN,Municipal,United States,US,67
Cornelio Procopio,CKO,Cornelio Procopio,Brazil,BR,316
Crane Island,CKR,Crane Island,United States,US,67
Carajas,CKS,Carajas,Brazil,BR,316
Sarakhs,CKT,Sarakhs,Iran,IR,632
Cordova,CKU,City,United States,US,67
Clarksville,CKV,Outlaw Field,United States,US,67
Chicken,CKX,Chicken,United States,US,67
Conakry,CKY,Conakry,Guinea,GN,531
Canakkale,CKZ,Canakkale,Turkey,TR,679
Comilla,CLA,Comilla,Bangladesh,BD,703
Castlebar,CLB,Castlebar,Ireland,IE,441
Clearlake,CLC,Metroport,United States,US,67
San Diego,CLD,Carlsbad,United States,US,67
Cleveland,CLE,Hopkins International,United States,US,1
Coalinga,CLG,Coalinga,United States,US,67
Coolah,CLH,Coolah,Australia,AU,802
Clintonville,CLI,Clintonville,United States,US,67
Cluj-Napoca,CLJ,Someseni International Airport,Romania,RO,473
Clinton,CLK,Municipal,United States,US,67
College Station,CLL,Easterwood Field,United States,US,67
Port Angeles,CLM,Fairchild Intl,United States,US,67
Carolina,CLN,Carolina,Brazil,BR,316
Cali,CLO,Alfonso B. Aragon,Colombia,CO,327
Clarks Point,CLP,Clarks Point,United States,US,67
Colima,CLQ,Colima,Mexico,MX,148
Calipatria,CLR,Calipatria,United States,US,67
Chehalis,CLS,Centralia,United States,US,67
Charlotte,CLT,Douglas,United States,US,67
Columbus,CLU,Columbus Municipal,United States,US,67
Caldas Novas,CLV,Caldas Novas,Brazil,BR,316
Clearwater,CLW,Executive,United States,US,67
Clorinda,CLX,Clorinda,Argentina,AR,303
Calvi,CLY,Ste Catherine,France,FR,427
Calabozo,CLZ,Calabozo,Venezuela,VE,388
Cunnamulla,CMA,Cunnamulla,Australia,AU,802
Colombo,CMB,Bandaranayake,Sri Lanka,LK,711
Camocim,CMC,Camocim,Brazil,BR,316
Cootamundra,CMD,Cootamundra,Australia,AU,802
Ciudad Del Carmen,CME,Ciudad Del Carmen,Mexico,MX,148
Chambery,CMF,Chambery,France,FR,427
Corumba,CMG,Internacional,Brazil,BR,316
Columbus,CMH,Port Columbus Intl,United States,US,67
Champaign,CMI,University Of Illinois Willard,United States,US,67
Chi Mei,CMJ,Chi Mei,Taiwan,TW,781
Club Makokola,CMK,Club Makokola,Malawi,MW,542
Camooweal,CML,Camooweal,Australia,AU,802
Carmelita,CMM,Carmelita,Guatemala,GT,127
Casablanca,CMN,Mohamed V,Morocco,MA,548
Obbia,CMO,Obbia,Somalia,SO,573
Santana Do Araguaia,CMP,Campo Alegre,Brazil,BR,316
Clermont,CMQ,Clermont,Australia,AU,802
Colmar,CMR,Colmar-Houssen,France,FR,427
Scusciuban,CMS,Scusciuban,Somalia,SO,573
Cameta,CMT,Cameta,Brazil,BR,316
Kundiawa,CMU,Chimbu,Papua New Guinea,PG,804
Coromandel,CMV,Coromandel,New Zealand (Aotearoa),NZ,851
Camaguey,CMW,Ign Agramonte Intl,Cuba,CU,219
Hancock,CMX,Houghton County,United States,US,67
Sparta,CMY,Camp Mccoy AAF,United States,US,67
Caia,CMZ,Caia,Mozambique,MZ,550
Cananea,CNA,Cananea,Mexico,MX,148
Coonamble,CNB,Coonamble,Australia,AU,802
Coconut Island,CNC,Coconut Island,Australia,AU,802
Constanta,CND,Kogalniceanu,Romania,RO,473
Canon City,CNE,Canon City,United States,US,67
Cognac,CNG,Parvaud,France,FR,427
Claremont,CNH,Municipal,United States,US,67
Changhai,CNI,Changhai,China,CN,713
Cloncurry,CNJ,Cloncurry,Australia,AU,802
Concordia,CNK,Blosser Municipal,United States,US,67
Sindal,CNL,Sindal,Denmark,DK,419
Carlsbad,CNM,Carlsbad,United States,US,67
Chulman,CNN,Chulman,Russian Federation,RU,770
Chino,CNO,Chino,United States,US,67
Neerlerit Inaat,CNP,Neerlerit Inaat,Greenland,GL,975
Corrientes,CNQ,Camba Punta,Argentina,AR,303
Chanaral,CNR,Chanaral,Chile,CL,324
Cairns,CNS,Cairns,Australia,AU,802
Charata,CNT,Charata,Argentina,AR,303
Chanute,CNU,Martin Johnson,United States,US,67
Canavieiras,CNV,Canavieiras,Brazil,BR,316
Waco,CNW,James Connall,United States,US,67
Chiang Mai,CNX,International,Thailand,TH,782
Moab,CNY,Canyonlands Field,United States,US,67
Cangamba,CNZ,Cangamba,Angola,AO,502
Columbia,COA,Columbia,United States,US,67
Coolibah,COB,Coolibah,Australia,AU,802
Concordia,COC,Concordia,Argentina,AR,303
Cody/Yellowstone,COD,Yellowstone Regional,United States,US,67
Cocoa,COF,Patrick AFB,United States,US,67
Condoto,COG,Mandinga,Colombia,CO,327
Cooch Behar,COH,Cooch Behar,India,IN,733
Cocoa,COI,Merritt Island,United States,US,67
Coonabarabran,COJ,Coonabarabran,Australia,AU,802
Kochi,COK,Kochi,India,IN,733
Isle Of Coll,COL,Isle Of Coll,United Kingdom,GB,493
Coleman,COM,Coleman,United States,US,67
Concord,CON,Concord,United States,US,67
Cotonou,COO,Cotonou,Benin,BJ,519
Cooperstown,COP,Cooperstown,United States,US,67
Choibalsan,COQ,Choibalsan,Mongolia,MN,751
Cordoba,COR,Pajas Blancas,Argentina,AR,303
Colorado Springs,COS,Colorado Springs,United States,US,67
Cotulla,COT,Cotulla,United States,US,67
Columbia,COU,Columbia Regional,United States,US,67
Covilha,COV,Covilha,Portugal,PT,469
Coquimbo,COW,Coquimbo,Chile,CL,324
Congo Town,COX,Congo Town,Bahamas,BS,204
Coolawanyah,COY,Coolawanyah,Australia,AU,802
Constanza,COZ,Constanza,Dominican Republic,DO,224
Cape Palmas,CPA,A. Tubman,Liberia,LR,537
Capurgana,CPB,Capurgana,Colombia,CO,327
San Martin DeLos Andes,CPC,Chapelco,Argentina,AR,303
Coober Pedy,CPD,Coober Pedy,Australia,AU,802
Campeche,CPE,Campeche International,Mexico,MX,148
Cepu,CPF,Cepu,Indonesia,ID,832
Carmen De Patagones,CPG,Carmen De Patagones,Argentina,AR,303
Copenhagen,CPH,Copenhagen Airport,Denmark,DK,419
Cape Orford,CPI,Cape Orford,Papua New Guinea,PG,804
Chaparral,CPL,Chaparral,Colombia,CO,327
Compton,CPM,Compton,United States,US,67
Cape Rodney,CPN,Cape Rodney,Papua New Guinea,PG,804
Copiapo,CPO,Chamonate,Chile,CL,324
Campinas,CPQ,International,Brazil,BR,316
Casper,CPR,Casper,United States,US,67
St Louis,CPS,Bi-State Parks,United States,US,67
Cape Town,CPT,Cape Town International,South Africa,ZA,562
Cururupu,CPU,Cururupu,Brazil,BR,316
Campina Grande,CPV,Joao Suassuna,Brazil,BR,316
Culebra,CPX,Culebra,Puerto Rico,PR,3
Canarana,CQA,Canarana Airport,Brazil,BR,316
Shahre-Kord,CQD,Shahre-Kord,Iran,IR,632
Calais,CQF,Calais,France,FR,427
Cape Flattery,CQP,Cape Flattery,Australia,AU,802
Costa Marques,CQS,Costa Marques,Brazil,BR,316
Caquetania,CQT,Caquetania,Colombia,CO,327
Craiova,CRA,Craiova,Romania,RO,473
Collarenebri,CRB,Collarenebri,Australia,AU,802
Cartago,CRC,Cartago,Colombia,CO,327
Comodoro Rivadavia,CRD,Comodoro Rivadavia,Argentina,AR,303
Myrtle Beach,CRE,Grand Strand Airport,United States,US,67
Carnot,CRF,Carnot,Central African Republic,CF,509
Jacksonville,CRG,Craig Municipal,United States,US,67
Cherribah,CRH,Cherribah,Australia,AU,802
Crooked Island,CRI,Crooked Island,Bahamas,BS,204
Coorabie,CRJ,Coorabie,Australia,AU,802
Angeles City,CRK,Diosdado Macapagal International (Clark Int),Philippines,PH,766
Brussels,CRL,Charleroi Brussels South,Belgium,BE,409
Catarman,CRM,National,Philippines,PH,766
Cromarty,CRN,Cromarty,United Kingdom,GB,493
Corcoran,CRO,Corcoran,United States,US,67
Corpus Christi,CRP,International,United States,US,67
Caravelas,CRQ,Caravelas,Brazil,BR,316
Ceres,CRR,Ceres,Argentina,AR,303
Corsicana,CRS,Corsicana,United States,US,67
Crossett,CRT,Municipal,United States,US,67
Carriacou Is,CRU,Carriacou Is,Grenada,GD,273
Crotone,CRV,Crotone,Italy,IT,450
Charleston,CRW,Yeager,United States,US,67
Corinth,CRX,Roscoe Turner,United States,US,67
Carlton Hill,CRY,Carlton Hill,Australia,AU,802
Turkmenabad,CRZ,Turkmenabad,Turkmenistan,TM,785
Isle Of Colonsay,CSA,Isle Of Colonsay,United Kingdom,GB,493
Caransebes,CSB,Caransebes,Romania,RO,473
Canas,CSC,Canas,Costa Rica,CR,110
Cresswell Downs,CSD,Cresswell Downs,Australia,AU,802
Crested Butte,CSE,Crested Butte,United States,US,67
Creil,CSF,Creil,France,FR,427
Solovetsky,CSH,Solovky,Russia,RUS,67
Casino,CSI,Casino,Australia,AU,802
Cape St Jacques,CSJ,Cape St Jacques,Viet Nam,VN,791
Cap Skirring,CSK,Cap Skirring,Senegal,SN,569
Clinton,CSM,Sherman,United States,US,67
Carson City,CSN,Carson City,United States,US,67
Cochstedt,CSO,Cochstedt,Germany,DE,429
Cape Spencer,CSP,Coast Guard Heliport,United States,US,67
Creston,CSQ,Municipal,United States,US,67
Casuarito,CSR,Casuarito,Colombia,CO,327
Cassilandia,CSS,Cassilandia,Brazil,BR,316
Castaway,CST,Castaway,Fiji,FJ,821
Santa Cruz Do Sul,CSU,Santa Cruz Do Sul,Brazil,BR,316
Crossville,CSV,Memorial,United States,US,67
Colorado do Oeste,CSW,Colorado do Oeste,Brazil,BR,316
Changsha,CSX,Changsha,China,CN,713
Cheboksary,CSY,Cheboksary,Russian Federation,RU,770
Coronel Suarez,CSZ,Brigadier Hector Ruiz,Argentina,AR,303
Catania,CTA,Fontanarossa,Italy,IT,450
Cut Bank,CTB,Cut Bank,United States,US,67
Catamarca,CTC,Catamarca,Argentina,AR,303
Chitre,CTD,Chitre,Panama,PA,162
Carti,CTE,Carti,Panama,PA,162
Coatepeque,CTF,Coatepeque Airport,Guatemala,GT,127
Cartagena,CTG,Rafael Nunez,Colombia,CO,327
Coatesville,CTH,Chestercounty Carlson,United States,US,67
Cuito Cuanavale,CTI,Cuito Cuanavale,Angola,AO,502
Canton,CTK,Canton,United States,US,67
Charleville,CTL,Charleville,Australia,AU,802
Chetumal,CTM,Chetumal,Mexico,MX,148
Cooktown,CTN,Cooktown,Australia,AU,802
Calverton,CTO,Peconic River,United States,US,67
Carutapera,CTP,Carutapera,Brazil,BR,316
Oakland,CTQ,Oakland,America,USA,316
Cattle Creek,CTR,Cattle Creek,Australia,AU,802
Sapporo,CTS,Chitose,Japan,JP,736
Le Castellet,CTT,Le Castellet,France,FR,427
Chengdu,CTU,Chengdu,China,CN,713
Cottonwood,CTW,Cottonwood,United States,US,67
Cortland,CTX,Cortland,United States,US,67
Cross City,CTY,Cross City,United States,US,67
Clinton,CTZ,Sampson County,United States,US,67
Ciudad Constitucion,CUA,Ciudad Constitucion,Mexico,MX,148
Columbia,CUB,Owens Field,United States,US,67
Cucuta,CUC,Camilo Dazo,Colombia,CO,327
Caloundra,CUD,Caloundra,Australia,AU,802
Cuenca,CUE,Cuenca,Ecuador,EC,337
Cuneo,CUF,Levaldigi,Italy,IT,450
Cudal,CUG,Cudal,Australia,AU,802
Cushing,CUH,Municipal,United States,US,67
Currillo,CUI,Currillo,Colombia,CO,327
Culion,CUJ,Culion,Philippines,PH,766
Caye Caulker,CUK,Caye Caulker,Belize,BZ,106
Culiacan,CUL,Fedl De Bachigualato,Mexico,MX,148
Cumana,CUM,Cumana,Venezuela,VE,388
Cancun,CUN,Cancun,Mexico,MX,148
Caruru,CUO,Caruru,Colombia,CO,327
Carupano,CUP,Carupano,Venezuela,VE,388
Coen,CUQ,Coen,Australia,AU,802
Curacao,CUR,Hato International Airport,Netherlands Antilles,AN,259
Columbus,CUS,Municipal,United States,US,67
Cutral,CUT,Cutral,Argentina,AR,303
Chihuahua,CUU,Gen Fierro Villalobos,Mexico,MX,148
Casigua,CUV,Casigua,Venezuela,VE,388
Cube Cove,CUW,Cube Cove,United States,US,67
Corpus Christi,CUX,Cuddihy Field,United States,US,67
Cue,CUY,Cue,Australia,AU,802
Cuzco,CUZ,Velazco Astete,Peru,PE,368
Pittsburgh,CVA,Civic Ar Heli,United States,US,67
Chungribu,CVB,Chungribu,Papua New Guinea,PG,804
Cleve,CVC,Cleve,Australia,AU,802
Covenas,CVE,Covenas,Colombia,CO,327
Courchevel,CVF,Courchevel,France,FR,427
Cincinnati,CVG,Cinci./Nrthrn Kentucky,United States,US,67
Caviahue,CVH,Caviahue,Argentina,AR,303
Caleta Olivia,CVI,Caleta Olivia,Argentina,AR,303
Cuernavaca,CVJ,General Mariano Matamoros Airport,Mexico,MX,148
Cape Vogel,CVL,Cape Vogel,Papua New Guinea,PG,804
Ciudad Victoria,CVM,Ciudad Victoria,Mexico,MX,148
Clovis,CVN,Municipal,United States,US,67
Albany,CVO,Albany,United States,US,67
Carnarvon,CVQ,Carnarvon,Australia,AU,802
Culver City,CVR,Hughes,United States,US,67
Clovis,CVS,Cannon AFB,United States,US,67
Coventry,CVT,Coventry - West Midlands International Airport,United Kingdom,GB,493
Corvo Island,CVU,Corvo Island,Portugal,PT,469
Wausau,CWA,Central Wisconsin,United States,US,67
Curitiba,CWB,Afonso Pena International Airport,Brazil,BR,316
Chernovtsy,CWC,Chernovtsy,Ukraine,UA,488
Callaway Gardens,CWG,Callaway Gardens,United States,US,67
Clinton,CWI,Clinton,United States,US,67
Cardiff,CWL,Cardiff-wales Arpt,United Kingdom,GB,493
Mineral Wells,CWO,Ft Wolter AAF,United States,US,67
Campbellpore,CWP,Campbellpore,Pakistan,PK,764
Cowarie,CWR,Cowarie,Australia,AU,802
Center Island,CWS,Center Island,United States,US,67
Cowra,CWT,Cowra,Australia,AU,802
Corowa,CWW,Corowa,Australia,AU,802
Caicara De Oro,CXA,Caicara De Oro,Venezuela,VE,388
Chitina,CXC,Chitina Arpt,United States,US,67
Coldfoot,CXF,Coldfoot,United States,US,67
Vancouver,CXH,Coal Harbour,Canada,CA,906
Christmas Island,CXI,Christmas Island,Kiribati,KI,824
Caxias Do Sul,CXJ,Campo Dos Bugres,Brazil,BR,316
Calexico,CXL,International,United States,US,67
Candala,CXN,Candala,Somalia,SO,573
Conroe,CXO,Montgomery Co,United States,US,67
Cilacap,CXP,Tunggul Wulung,Indonesia,ID,832
Christmas Creek,CXQ,Christmas Creek,Australia,AU,802
Nha Trang,CXR,Cam Ranh,Viet Nam,VN,791
Charters Towers,CXT,Charters Towers,Australia,AU,802
Cat Cays,CXY,Cat Cays,Bahamas,BS,204
Les Cayes,CYA,Les Cayes,Haiti,HT,238
Cayman Brac Is,CYB,Gerrard-Smith,Cayman Islands,KY,233
Caye Chapel,CYC,Caye Chapel,Belize,BZ,106
Crystal Lake,CYE,Crystal Lake,United States,US,67
Chefornak,CYF,Chefornak SPB,United States,US,67
Corryong,CYG,Corryong,Australia,AU,802
Chiayi,CYI,Chiayi,Taiwan,TW,781
Coyoles,CYL,Coyoles,Honduras,HN,131
Chatham,CYM,Chatham SPB,United States,US,67
Cayo Largo Del Sur,CYO,Cayo Largo Del Sur,Cuba,CU,219
Calbayog,CYP,Calbayog,Philippines,PH,766
Colonia,CYR,Laguna De Los Patos,Uruguay,UY,385
Cheyenne,CYS,Cheyenne,United States,US,67
Yakataga,CYT,Intermediate,United States,US,67
Cuyo,CYU,Cuyo,Philippines,PH,766
Cherskiy,CYX,Cherskiy,Russian Federation,RU,770
Cauayan,CYZ,Cauayan,Philippines,PH,766
Chichen Itza,CZA,Chichen Itza,Mexico,MX,148
Cruz Alta,CZB,Carlos Ruhl,Brazil,BR,316
Copper Centre,CZC,Copper Centre,United States,US,67
Coro,CZE,Coro,Venezuela,VE,388
Cape Romanzof,CZF,Cape Romanzof,United States,US,67
Corozal,CZH,Corozal,Belize,BZ,106
Corazon De Jesus,CZJ,Corazon De Jesus,Panama,PA,162
Cascade Locks,CZK,Cascade Locks/Stevens,United States,US,67
Constantine,CZL,Ain El Bey,Algeria,DZ,500
Cozumel,CZM,Cozumel,Mexico,MX,148
Chisana,CZN,Chisana Field,United States,US,67
Chistochina,CZO,Chistochina,United States,US,67
Cape Pole,CZP,Cape Pole,United States,US,67
Cruzeiro Do Sul,CZS,Campo Internacional,Brazil,BR,316
Carrizo Springs,CZT,Carrizo Springs,United States,US,67
Corozal,CZU,Corozal,Colombia,CO,327
Czestochowa,CZW,Czestochowa,Poland,PL,467
Changzhou,CZX,Changzhou,China,CN,713
Cluny,CZY,Cluny,Australia,AU,802
Campo,CZZ,Campo,United States,US,67
Fort Belvoir,DAA,Davison AAF,United States,US,67
Daytona Beach,DAB,Regional,United States,US,67
Dhaka,DAC,Zia International,Bangladesh,BD/B,703
Da Nang,DAD,Da Nang,Viet Nam,VN,791
Daparizo,DAE,Daparizo,India,IN,733
Daup,DAF,Daup,Papua New Guinea,PG,804
Daggett,DAG,Barstow-Daggett,United States,US,67
Dathina,DAH,Dathina,Yemen,YE,694
Darjeeling,DAI,Darjeeling,India,IN,733
Dauan Island,DAJ,Dauan Island,Australia,AU,802
Dakhla Oasis,DAK,Dakhla,Egypt,EG,591
Dallas,DAL,Love Field,United States,US,67
Damascus,DAM,International,Syria,SY,963
Danville,DAN,Municipal,United States,US,67
Dabo,DAO,Dabo,Papua New Guinea,PG,804
Darchula,DAP,Darchula,Nepal,NP,755
Dar Es Salaam,DAR,International,Tanzania,TZ,585
Great Bear Lake,DAS,Great Bear Lake,Canada,CA,906
Datong,DAT,Datong,China,CN,713
Daru,DAU,Daru,Papua New Guinea,PG,804
David,DAV,Enrique Malek,Panama,PA,162
Daxian,DAX,Daxian,China,CN,713
Dayton,DAY,James Cox Dayton Intl,United States,US,67
Darwaz,DAZ,Darwaz,Afghanistan,AF,701
Dalbandin,DBA,Dalbandin,Pakistan,PK,764
Dabaa City,DBB,Alalamain Intl.,Egypt,EG,591
Dhanbad,DBD,Dhanbad,India,IN,733
Debra Marcos,DBM,Debra Marcos,Ethiopia,ET,522
Dublin,DBN,Municipal,United States,US,67
Dubbo,DBO,Dubbo,Australia,AU,802
Debepare,DBP,Debepare,Papua New Guinea,PG,804
Dubuque,DBQ,Municipal,United States,US,67
Dubois,DBS,Dubois,United States,US,67
Debra Tabor,DBT,Debra Tabor,Ethiopia,ET,522
Dambula,DBU,Dambulu Oya Tank,Sri Lanka,LK,711
Dubrovnik,DBV,Dubrovnik,Croatia (Hrvatska),HR,415
Dalby,DBY,Dalby,Australia,AU,802
Washington,DCA,Ronald Reagan National,United States,US,67
Dominica,DCF,Cane Field,Dominica,DM,221
Decimomannu,DCI,Rafsu Decimomannu,Italy,IT,450
Dahl Creek,DCK,Dahl Creek Arpt,United States,US,67
Castres,DCM,Mazamet,France,FR,427
Decatur,DCR,Decatur Hi-Way,United States,US,67
Duncan Town,DCT,Duncan Town,Bahamas,BS,204
Decatur,DCU,Pyor,United States,US,67
Dodge City,DDC,Dodge City Municipal,United States,US,67
Dandong,DDG,Dandong,China,CN,713
Daydream Is,DDI,Daydream Is,Australia,AU,802
Dodoima,DDM,Dodoima,Papua New Guinea,PG,804
Delta Downs,DDN,Delta Downs,Australia,AU,802
Dorado,DDP,Dorado Beach,Puerto Rico,PR,3
Dadu,DDU,Dadu,Pakistan,PK,764
Dera Ghazi Khan,DEA,Dera Ghazi Khan,Pakistan,PK,764
Debrecen,DEB,Debrecen,Hungary,HU,437
Decatur,DEC,Decatur Arpt,United States,US,67
Dehra Dun,DED,Dehra Dun,India,IN,733
Dezful,DEF,Dezful,Iran,IR,632
Decorah,DEH,Municipal,United States,US,67
Denis Island,DEI,Denis Island,Seychelles,SC,570
Delhi,DEL,Indira Gandhi Intl,India,IN,733
Dembidollo,DEM,Dembidollo,Ethiopia,ET,522
Denver,DEN,Denver International,United States,US,67
Dearborn,DEO,Hyatt Regency H/P,United States,US,67
Deparizo,DEP,Deparizo,India,IN,733
Derim,DER,Derim,Papua New Guinea,PG,804
Desroches,DES,Desroches,Seychelles,SC,570
Detroit,DET,Detroit City,United States,US,67
Deirezzor,DEZ,Al Jafrah,Syria,SY,676
Defiance,DFI,Memorial,United States,US,67
Drumduff,DFP,Drumduff,Australia,AU,802
Dallas,DFW,Dallas/Ft Worth Intl,United States,US,67
Dangriga,DGA,Dangriga,Belize,BZ,106
Danger Bay,DGB,Danger Bay,United States,US,67
Degahbur,DGC,Degahbur,Ethiopia,ET,522
Dalgaranga,DGD,Dalgaranga,Australia,AU,802
Mudgee,DGE,Mudgee,Australia,AU,802
Douglas,DGF,Bisbee-douglas International,Unites States,US,67
Daugo,DGG,Daugo,Papua New Guinea,PG,804
Dugong,DGK,Dugong,Mozambique,MZ,550
Douglas,DGL,Douglas Municipal,United States,US,67
Dongguan,DGM,Dongguan,China,CN,713
Dahlgren,DGN,NAF,United States,US,67
Durango,DGO,Guadalupe Victoria,Mexico,MX,148
Daugavpils,DGP,Daugavpils,Latvia,LV,451
Dargaville,DGR,Dargaville,New Zealand (Aotearoa),NZ,851
Dumaguete,DGT,Dumaguete,Philippines,PH,766
Dedougou,DGU,Dedougou,Burkina Faso,BF,593
Douglas,DGW,Converse County,United States,US,67
Dhahran,DHA,Dhahran,Saudi Arabia,SA,670
Durham Downs,DHD,Durham Downs,Australia,AU,802
Abu Dhabi,DHF,Al Dhafra Military Apt,United Arab Emirates,AE,678
Dhangarhi,DHI,Dhangarhi,Nepal,NP,755
Dhala,DHL,Dhala,Yemen,YE,694
Dharamsala,DHM,Gaggal Airport,India,IN,733
Dothan,DHN,Dothan Arpt,United States,US,67
Den Helder,DHR,De Kooy,Netherlands,NL,461
Dalhart,DHT,Dalhart,United States,US,67
Dibrugarh,DIB,Chabua,India,IN,733
Dili,DIC,Dili,,CD,0
Antsiranana,DIE,Antsiranana/Arrachart,Madagascar,MG,541
Diqing,DIG,Diqing,China,CN,713
Dijon,DIJ,Dijon,France,FR,427
Dickinson,DIK,Dickinson,United States,US,67
Dili,DIL,Comoro,Indonesia,ID,832
Dimbokro,DIM,Dimbokro,Cote D'Ivoire (Ivory Coast),CI,533
Dien Bien Phu,DIN,Dien Bien,Viet Nam,VN,791
Diomede Island,DIO,Diomede Island,United States,US,67
Diapaga,DIP,Diapaga,Burkina Faso,BF,593
Divinopolis,DIQ,Divinopolis,Brazil,BR,316
Dire Dawa,DIR,Aba Tenna D Yilma,Ethiopia,ET,522
Loubomo,DIS,Loubomo,Congo,CG,515
Diu,DIU,Diu,India,IN,733
Divo,DIV,Divo,Cote D'Ivoire (Ivory Coast),CI,533
Dickwella,DIW,Mawella Lagoon,Sri Lanka,LK,711
Diyarbakir,DIY,Diyarbakir,Turkey,TR,679
Djougou,DJA,Djougou,Benin,BJ,519
Jambi,DJB,Sultan Taha Syarifudn,Indonesia,ID,832
Djerba,DJE,Djerba-Zarzis,Tunisia,TN,588
Djanet,DJG,Inedbirenne,Algeria,DZ,500
Jayapura,DJJ,Sentani,Indonesia,ID,832
Djambala,DJM,Djambala,Congo,CG,515
Delta Junction,DJN,Delta Junction,United States,US,67
Daloa,DJO,Daloa,Cote D'Ivoire (Ivory Coast),CI,533
Djupivogur,DJU,Djupivogur,Iceland,IS,439
Dunk Island,DKI,Dunk Island,Australia,AU,802
Dunkirk,DKK,Dunkirk,United States,US,67
Dakar,DKR,Yoff,Senegal,SN,569
Dikson,DKS,Dikson,Russian Federation,RU,770
Docker River,DKV,Docker River,Australia,AU,802
Douala,DLA,Douala,Cameroon,CM,504
Dalbertis,DLB,Dalbertis,Papua New Guinea,PG,804
Dalian,DLC,Dalian,China,CN,713
Geilo,DLD,Dagali Airport,Norway,NO,465
Dole,DLE,Tavaux,France,FR,427
Del Rio,DLF,Laughlin AFB,United States,US,67
Dillingham,DLG,Municipal,United States,US,67
Duluth,DLH,Duluth International,United States,US,67
Dalat,DLI,Lienkhang,Viet Nam,VN,791
Dulkaninna,DLK,Dulkaninna,Australia,AU,802
Dillon,DLL,Dillon,United States,US,67
Dalaman,DLM,Dalaman,Turkey,TR,679
Dillon,DLN,Dillon,United States,US,67
Dolomi,DLO,Dolomi,United States,US,67
Disneyland Paris,DLP,Disneyland Paris,France,FR,427
The Dalles,DLS,The Dalles,United States,US,67
Dali City,DLU,Dali,China,CN,713
Delissaville,DLV,Delissaville,Australia,AU,802
Dillons Bay,DLY,Dillons Bay,Vanuatu,VU,885
Dalanzadgad,DLZ,Dalanzadgad,Mongolia,MN,751
Tucson,DMA,Davis Monthan AFB,United States,US,67
Zhambyl,DMB,Zhambyl,Kazakhstan,KZ,738
Doomadgee,DMD,Doomadgee,Australia,AU,802
Moscow,DME,Domodedovo,Russian Federation,RU,770
Dammam,DMM,King Fahd International Airport,Saudi Arabia,SA,670
Deming,DMN,Deming,United States,US,67
Sedalia,DMO,Sedalia,United States,US,67
Dhamar,DMR,Dhamar,Yemen,YE,694
Diamantino,DMT,Diamantino,Brazil,BR,316
Dimapur,DMU,Dimapur,India,IN,733
Okinawa,DNA,Kadena AFB,Japan,JP,736
Dunbar,DNB,Dunbar,Australia,AU,802
Danane,DNC,Danane,Cote D'Ivoire (Ivory Coast),CI,533
Dundee,DND,Dundee,United Kingdom,GB,493
Dallas,DNE,Dallas North Airport,United States,US,67
Derna,DNF,Martuba,Libya,LY,538
Doongan,DNG,Doongan,Australia,AU,802
Dunhuang,DNH,Dunhuang,China,CN,713
Wad Medani,DNI,Wad Medani,Sudan,SD,583
Dnepropetrovsk,DNK,Dnepropetrovsk,Ukraine,UA,488
Augusta,DNL,Daniel Field,United States,US,67
Denham,DNM,Denham,Australia,AU,802
Dalton,DNN,Municipal,United States,US,67
Dianopolis,DNO,Dianopolis,Brazil,BR,316
Dang,DNP,Dang,Nepal,NP,755
Deniliquin,DNQ,Deniliquin,Australia,AU,802
Dinard,DNR,Pleurtuit,France,FR,427
Denison,DNS,Municipal,United States,US,67
Santa Ana,DNT,Downtown Heliport,United States,US,67
Dinangat,DNU,Dinangat,Papua New Guinea,PG,804
Danville,DNV,Vermilion County,United States,US,67
Dinder,DNX,Galegu,Sudan,SD,583
Denizli,DNZ,Cardak,Turkey,TR,679
Doany,DOA,Doany,Madagascar,MG,541
Dobo,DOB,Dobo Airport,Indonesia,ID,832
Dornoch,DOC,Dornoch,United Kingdom,GB,493
Dodoma,DOD,Dodoma,Tanzania,TZ,585
Djoemoe,DOE,Djoemoe,Suriname,SR,379
Dora Bay,DOF,Dora Bay,United States,US,67
Dongola,DOG,Dongola,Sudan,SD,583
Doha,DOH,Doha,Qatar,QA,664
Doini,DOI,Doini,Papua New Guinea,PG,804
Donetsk,DOK,Donetsk,Ukraine,UA,488
Deauville,DOL,St Gatien,France,FR,427
Dominica,DOM,Melville Hall,Dominica,DM,221
Dos Lagunas,DON,Dos Lagunas,Guatemala,GT,127
Dorobisoro,DOO,Dorobisoro,Papua New Guinea,PG,804
Dolpa,DOP,Dolpa,Nepal,NP,755
Dori,DOR,Dori,Burkina Faso,BF,593
Dios,DOS,Dios,Papua New Guinea,PG,804
Dourados,DOU,Dourados,Brazil,BR,316
Dover-Cheswold,DOV,Dover AFB,United States,US,67
Dongara,DOX,Dongara,Australia,AU,802
Dongying,DOY,Dongying,China,CN,713
Chicago,DPA,Dupage County,United States,US,67
Dieppe,DPE,Dieppe,France,FR,427
Dugway,DPG,Michael AAF,United States,US,67
Deer Park,DPK,Deer Park,United States,US,67
Dipolog,DPL,Dipolog,Philippines,PH,766
Devonport,DPO,Devonport,Australia,AU,802
Denpasar Bali,DPS,Ngurah Rai,Indonesia,ID,832
Dumpu,DPU,Dumpu,Papua New Guinea,PG,804
Mercury,DRA,Desert Rock,United States,US,67
Derby,DRB,Derby,Australia,AU,802
Dirico,DRC,Dirico,Angola,AO,502
Dorunda Station,DRD,Dorunda Station,Australia,AU,802
Drummond Island,DRE,Drummond Island,United States,US,67
Drift River,DRF,Drift River,United States,US,67
Deering,DRG,Deering,United States,US,67
Dabra,DRH,Dabra,Indonesia,ID,832
De Ridder,DRI,Beauregard Parish,United States,US,67
Drietabbetje,DRJ,Drietabbetje,Suriname,SR,379
Drama,DRM,Drama,Greece,GR,433
Dirranbandi,DRN,Dirranbandi,Australia,AU,802
Durango,DRO,La Plata,United States,US,67
Durrie,DRR,Durrie,Australia,AU,802
Dresden,DRS,Dresden Arpt,Germany,DE,429
Del Rio,DRT,International,United States,US,67
Drummond,DRU,Drummond,United States,US,67
Darwin,DRW,Darwin,Australia,AU,802
Drysdale River,DRY,Drysdale River,Australia,AU,802
Doncaster,DSA,Robin Hood International,United Kingdom,GB,493
Dschang,DSC,Dschang,Cameroon,CM,504
La Desirade,DSD,La Desirade,Guadeloupe,GP,235
Dessie,DSE,Combolcha,Ethiopia,ET,522
Dilasag,DSG,Dilasag,Philippines,PH,766
Destin,DSI,Destin,United States,US,67
Dera Ismail Khan,DSK,Dera Ismail Khan,Pakistan,PK,764
Daru,DSL,Daru,Sierra Leone,SL,571
Des Moines,DSM,Des Moines,United States,US,67
Dongsheng,DSN,Dongsheng,China,CN,713
Dansville,DSV,Dansville,United States,US,67
Delta,DTA,Delta,United States,US,67
Datadawai,DTD,Datadawai,Indonesia,ID,832
Daet,DTE,Camarines Norte,Philippines,PH,766
Death Valley,DTH,Death Valley,United States,US,67
Detroit Lakes,DTL,Municipal,United States,US,67
Dortmund,DTM,Dortmund,Germany,DE,429
Shreveport,DTN,Downtown,United States,US,67
Decatur Island,DTR,Decatur Island,United States,US,67
Detroit,DTW,Wayne County,United States,US,67
Durant,DUA,Eaker,United States,US,67
Dublin,DUB,Dublin,Ireland,IE,441
Duncan,DUC,Halliburton Field,United States,US,67
Dunedin,DUD,Dunedin International,New Zealand,NZ,851
Dundo,DUE,Dundo,Angola,AO,502
Duck,DUF,Pine Island Airport,United States,US,67
Douglas,DUG,Bisbee-Douglas Intl,United States,US,67
Dubois,DUJ,Jefferson County,United States,US,67
Dukuduk,DUK,Dukuduk,South Africa,ZA,562
Dumai,DUM,Pinang Kampai,Indonesia,ID,832
Dundas,DUN,Dundas,Greenland,GL,975
Duncan/Quam,DUQ,Duncan/Quam,Canada,CA,906
Durban,DUR,Durban International,South Africa,ZA,562
Dusseldorf,DUS,Düsseldorf International Airport (Rhein-Ruhr),Germany,DE,429
Dutch Harbor,DUT,Emergency Field,United States,US,67
Deva,DVA,Deva,Romania,RO,473
Diavik,DVK,Diavik,Canada,CA,906
Devils Lake,DVL,Devils Lake,United States,US,67
Davenport,DVN,Davenport,United States,US,67
Davao,DVO,Francisco Bangoy International Airport,Philippines,PH,766
Davenport Downs,DVP,Davenport Downs,Australia,AU,802
Daly River,DVR,Daly River,Australia,AU,802
Phoenix,DVT,Phoenix-Deer Valley,United States,US,67
Dwangwa,DWA,Dwangwa,Malawi,MW,542
Soalala,DWB,Soalala,Madagascar,MG,541
Dawadmi,DWD,Dawadmi,Saudi Arabia,SA,670
Dayton,DWF,Wright AFB,United States,US,67
Houston,DWH,David Wayne Hooks,United States,US,67
Oklahoma City,DWN,Downtown Airpark,United States,US,67
Orlando,DWS,Walt Disney World,United States,US,67
Deux Alpes,DXA,Deux Alpes,France,FR,427
Dubai,DXB,Dubai,United Arab Emirates,AE,971
Dixie,DXD,Dixie,Australia,AU,802
Danbury,DXR,Danbury,United States,US,67
Dysart,DYA,Dysart,Australia,AU,802
Dayong,DYG,Dayong,China,CN,713
Doylestown,DYL,Doylestown,United States,US,67
Diamantina Lakes,DYM,Diamantina Lakes,Australia,AU,802
Anadyr,DYR,Anadyr,Russian Federation,RU,770
Abilene,DYS,Dyess AFB,United States,US,67
Dushanbe,DYU,dyu,Tajikistan,TJ,783
Daly Waters,DYW,Daly Waters,Australia,AU,802
Dzaoudzi,DZA,Dzaoudzi,Comoros,KM,513
Codazzi,DZI,Codazzi,Colombia,CO,327
Zhezkazgan,DZN,Zhezhazgan,Kazakhstan,KZ,738
Durazno,DZO,Durazno,Uruguay,UY,385
Dazu,DZU,Dazu,China,CN,713
Eagle,EAA,Eagle,United States,US,67
Abbse,EAB,Abbse,Yemen,YE,694
Emae,EAE,Emae,Vanuatu,VU,885
Kwajalein Atoll,EAL,Elenak,Marshall Islands,MH,844
Nejran,EAM,Nejran,Saudi Arabia,SA,670
Wheatland,EAN,Phifer Field,United States,US,67
Kearney,EAR,Kearney,United States,US,67
San Sebastian,EAS,San Sebastian,Spain,ES,482
Wenatchee,EAT,Pangborn Field,United States,US,67
Eau Claire,EAU,Eau Claire,United States,US,67
Elba Island,EBA,Marina Di Campo,Italy,IT,450
Entebbe,EBB,Entebbe,Uganda,UG,590
El Obeid,EBD,El Obeid,Sudan,SD,583
El Bagre,EBG,El Bagre,Colombia,CO,327
Esbjerg,EBJ,Esbjerg,Denmark,DK,419
El Borma,EBM,El Borma,Tunisia,TN,588
Ebadon,EBN,Ebadon,Marshall Islands,MH,844
Ebon,EBO,Ebon Airport,Marshall Islands,MH,844
Baton Rouge,EBR,Downtown,United States,US,67
Webster City,EBS,Municipal,United States,US,67
St Etienne,EBU,Boutheon,France,FR,427
Ebolowa,EBW,Ebolowa,Cameroon,CM,504
East Tawas,ECA,Emmet County Airport,United States,US,67
Elizabeth City,ECG,Elizabeth City,United States,US,67
Echuca,ECH,Echuca,Australia,AU,802
Lefkosa,ECN,Ercan,Cyprus,CY,611
El Encanto,ECO,El Encanto,Colombia,CO,327
El Charco,ECR,El Charco,Colombia,CO,327
Newcastle,ECS,Mondell,United States,US,67
Edna Bay,EDA,Edna Bay,United States,US,67
Eldebba,EDB,Eldebba,Sudan,SD,583
Erldunda,EDD,Erldunda,Australia,AU,802
Edenton,EDE,Municipal,United States,US,67
Anchorage,EDF,Elmendorf AFB,United States,US,67
Edgewood,EDG,Weide AAF,United States,US,67
Edinburgh,EDI,Turnhouse,United Kingdom,GB,493
El Dorado,EDK,El Dorado,United States,US,67
Eldoret,EDL,Eldoret,Kenya,KE,535
La Roche,EDM,Les Ajoncs,France,FR,427
Edremit/Korfez,EDO,Edremit/Korfez,Turkey,TR,679
Erandique,EDQ,Erandique,Honduras,HN,131
Edward River,EDR,Edward River,Australia,AU,802
Edwards AFB,EDW,Edwards AFB,United States,US,67
Needles,EED,Needles,United States,US,67
Eek,EEK,Eek,United States,US,67
Keene,EEN,Dillant-Hopkins,United States,US,67
Eight Fathom Bight,EFB,Eight Fathom Bight,United States,US,67
Houston,EFD,Ellington Field,United States,US,67
Efogi,EFG,Efogi,Papua New Guinea,PG,804
Newport,EFK,Newport,United States,US,67
Kefallinia,EFL,Argostolion,Greece,GR,433
East Fork,EFO,East Fork,United States,US,67
Jefferson,EFW,Municipal,United States,US,67
Engati,EGA,Engati,Papua New Guinea,PG,804
Bergerac,EGC,Roumanieres,France,FR,427
Vail/Eagle,EGE,Eagle County,United States,US,67
Valparaiso,EGI,Duke Field,United States,US,67
Neghelli,EGL,Neghelli,Ethiopia,ET,522
Sege,EGM,Sege,Solomon Islands,SB,874
Geneina,EGN,Geneina,Sudan,SD,583
Belgorod,EGO,Belgorod,Russian Federation,RU,770
Eagle Pass,EGP,Maverick Co,United States,US,67
Egilsstadir,EGS,Egilsstadir,Iceland,IS,439
Eagle River,EGV,Eagle River,United States,US,67
Egegik,EGX,Egegik,United States,US,67
El Bolson,EHL,El Bolson,Argentina,AR,303
Cape Newenham,EHM,Cape Newenham,United States,US,67
East Hartford,EHT,Rentschler,United States,US,67
Eia,EIA,Popondetta,Papua New Guinea,PG,804
Eisenach,EIB,Eisenach,Germany,DE,429
Eniseysk,EIE,Eniseysk,Russian Federation,RU,770
Einasleigh,EIH,Einasleigh,Australia,AU,802
Fairbanks,EIL,Eielson AFB,United States,US,67
Eindhoven,EIN,Eindhoven,Netherlands,NL,461
Beef Island,EIS,Beef Island,Virgin Islands (British),VG,282
Ein Yahav,EIY,Ein Yahav,Israel,IL,636
Barrancabermeja,EJA,Variguies,Colombia,CO,327
Wedjh,EJH,Wedjh,Saudi Arabia,SA,670
Mili Atoll,EJT,Enijet,Marshall Islands,MH,844
Eureka,EKA,Murray Field,United States,US,67
Ekibastuz,EKB,Ekibastuz,Kazakhstan,KZ,738
Elkedra,EKD,Elkedra,Australia,AU,802
Ekereku,EKE,Ekereku,Guyana,GY,350
Elkhart,EKI,Municipal,United States,US,67
Elkins,EKN,Elkins,United States,US,67
Elko,EKO,Elko,United States,US,67
Eskilstuna,EKT,Eskilstuna,Sweden,SE,484
Elizabethtown,EKX,Elizabethtown,United States,US,67
Eagle Lake,ELA,Eagle Lake,United States,US,67
El Banco,ELB,San Bernado,Colombia,CO,327
Elcho Island,ELC,Elcho Island,Australia,AU,802
El Dorado,ELD,Goodwin Field,United States,US,67
El Real,ELE,El Real,Panama,PA,162
El Fasher,ELF,El Fasher,Sudan,SD,583
El Golea,ELG,El Golea,Algeria,DZ,500
North Eleuthera,ELH,International,Bahamas,BS,204
Elim,ELI,Elim,United States,US,67
El Recreo,ELJ,El Recreo,Colombia,CO,327
Elk City,ELK,Municipal,United States,US,67
Ellisras,ELL,Ellisras,South Africa,ZA,562
Corning,ELM,Corning,United States,US,67
Ellensburg,ELN,Bowers Field,United States,US,67
Eldorado,ELO,Eldorado,Argentina,AR,303
El Paso,ELP,International,United States,US,67
Buraidah,ELQ,Gassim Regional Airport,Saudi Arabia,SA,670
Elelim,ELR,Elelim,Indonesia,ID,832
East London,ELS,East London,South Africa,ZA,562
Tour Sinai City,ELT,Tour Sinai City,Egypt,EG,591
El Oued,ELU,Guemar,Algeria,DZ,500
Elfin Cove,ELV,Elfin Cove SPB,United States,US,67
Ellamar,ELW,Ellamar,United States,US,67
El Tigre,ELX,El Tigre,Venezuela,VE,388
Ely,ELY,Yelland,United States,US,67
Wellsville,ELZ,Municipal,United States,US,67
Nottingham,EMA,Nottingham E. Midlands,United Kingdom,GB,493
San Francisco,EMB,Embarkadero,United States,US,67
Emerald,EMD,Emerald,Australia,AU,802
Emden,EME,Emden,Germany,DE,429
Empangeni,EMG,Empangeni,South Africa,ZA,562
Emirau,EMI,Emirau,Papua New Guinea,PG,804
Emmonak,EMK,Emmonak,United States,US,67
Emmen,EML,Emmen,Switzerland,CH,486
Kemerer,EMM,Kemerer,United States,US,67
Nema,EMN,Nema,Mauritania,MR,545
Emo,EMO,Emo,Papua New Guinea,PG,804
Emporia,EMP,Emporia,United States,US,67
Embessa,EMS,Embessa,Papua New Guinea,PG,804
El Monte,EMT,El Monte,United States,US,67
El Maiten,EMX,El Maiten,Argentina,AR,303
El Minya,EMY,El Minya,Egypt,EG,591
Kenai,ENA,Kenai,United States,US,67
Eneabba West,ENB,Eneabba West,Australia,AU,802
Nancy,ENC,Essey,France,FR,427
Enid,END,Vance AFB,United States,US,67
Ende,ENE,Ende,Indonesia,ID,832
Enontekio,ENF,Enontekio,Finland,FI,425
Enshi,ENH,Enshi,China,CN,713
El Nido,ENI,El Nido,Philippines,PH,766
El Naranjo,ENJ,El Naranjo,Guatemala,GT,127
Enniskillen,ENK,Enniskillen,United Kingdom,GB,493
Centralia,ENL,Municipal,United States,US,67
Nenana,ENN,Municipal,United States,US,67
Encarnacion,ENO,Teniente Prim Alarcon,Paraguay,PY,365
Coronel E Soto Cano AB,ENQ,Coronel E Soto Cano AB,Honduras,HN,131
Enschede,ENS,Twente,Netherlands,NL,461
Enewetak Island,ENT,Enewetak Island,Marshall Islands,MH,844
Enugu,ENU,Enugu,Nigeria,NG,555
Wendover,ENV,Wendover,United States,US,67
Kenosha,ENW,Kenosha Regional Airport,United States,US,67
Medellín,EOH,Enrique Olaya Herrera International Airport,Colombia,CO,327
Eday,EOI,Eday,United Kingdom,GB,493
Keokuk,EOK,Keokuk,United States,US,67
El Dorado,EOR,El Dorado,Venezuela,VE,388
Neosho,EOS,Neosho,United States,US,67
Elorza,EOZ,Elorza,Venezuela,VE,388
El Palomar,EPA,El Palomar,Argentina,AR,303
Weeping Water,EPG,Browns,United States,US,67
Ephrata,EPH,Ephrata,United States,US,67
Epi,EPI,Epi,Vanuatu,VU,885
Episkopi,EPK,Episkopi,Cyprus,CY,611
Epinal,EPL,Mirecourt,France,FR,427
Epena,EPN,Epena,Congo,CG,515
Esperance,EPR,Esperance,Australia,AU,802
El Portillo/samana,EPS,El Portillo,Dominican Republic,DO,224
Eliptamin,EPT,Eliptamin,Papua New Guinea,PG,804
Parnu,EPU,Parnu,Estonia,EE,422
Esquel,EQS,Esquel,Argentina,AR,303
Erigavo,ERA,Erigavo,Somalia,SO,573
Ernabella,ERB,Ernabella,Australia,AU,802
Erzincan,ERC,Erzincan,Turkey,TR,679
Berdyansk,ERD,Berdyansk,Ukraine,UA,488
Erave,ERE,Erave,Papua New Guinea,PG,804
Erfurt,ERF,Erfurt,Germany,DE,429
Errachidia,ERH,Errachidia,Morocco,MA,548
Erie,ERI,International,United States,US,67
Erechim,ERM,Comandante Kraemer,Brazil,BR,316
Eirunepe,ERN,Eirunepe,Brazil,BR,316
Eldred Rock,ERO,Coast Guard,United States,US,67
Errol,ERR,Errol,United States,US,67
Windhoek,ERS,Eros,Namibia,NA,575
Erdenet,ERT,Erdenet,Mongolia,MN,751
Erume,ERU,Erume,Papua New Guinea,PG,804
Kerrville,ERV,Kerrville,United States,US,67
Erzurum,ERZ,Erzurum,Turkey,TR,679
Ankara,ESB,Esenboga,Turkey,TR,679
Escanaba,ESC,Delta County Arpt,United States,US,67
Eastsound,ESD,Orcas Island,United States,US,67
Ensenada,ESE,Ensenada,Mexico,MX,148
Alexandria,ESF,Esler Field,United States,US,67
Mariscal Estigarribia,ESG,Mariscal Estigarribia,Paraguay,PY,365
Shoreham By Sea,ESH,Shoreham,United Kingdom,GB,493
Espinosa,ESI,Espinosa,Brazil,BR,316
Eskisehir,ESK,Eskisehir,Turkey,TR,679
Elista,ESL,Elista,Russian Federation,RU,770
Esmeraldas,ESM,Esmeraldas,Ecuador,EC,337
Easton,ESN,Easton,United States,US,67
Espanola,ESO,Espanola,United States,US,67
East Stroudsburg,ESP,Birchwood-Pocono,United States,US,67
El Salvador,ESR,El Salvador,Chile,CL,324
Essen,ESS,Essen,Germany,DE,429
Estherville,EST,Municipal,United States,US,67
Essaouira,ESU,Essaouira,Morocco,MA,548
Easton,ESW,State,United States,US,67
West Bend,ETB,West Bend,United States,US,67
Etadunna,ETD,Etadunna,Australia,AU,802
Genda Wuha,ETE,Genda Wuha,Ethiopia,ET,522
Elat,ETH,Elat,Israel,IL,636
Eastland,ETN,Municipal,United States,US,67
Enterprise,ETS,Municipal,United States,US,67
Metz/Nancy,ETZ,Metz-Nancy-Lorraine,France,FR,427
Eua,EUA,Kaufana,Tonga,TO,881
Eucla,EUC,Eucla,Australia,AU,802
Eureka,EUE,Eureka,United States,US,67
Eufaula,EUF,Weedon Field,United States,US,67
Eugene,EUG,Eugene,United States,US,67
Neumuenster,EUM,Neumuenster,Germany,DE,429
Laayoune,EUN,Hassan I,Morocco,MA,548
Paratebueno,EUO,Paratebueno,Colombia,CO,327
Antique,EUQ,Evelio Javier,Philippines,PH,766
St Eustatius,EUX,F D Roosevelt,Netherlands Antilles,AN,259
Evadale,EVA,Landing Strip,United States,US,67
Eva Downs,EVD,Eva Downs,Australia,AU,802
Harstad-Narvik,EVE,Evenes,Norway,NO,465
Sveg,EVG,Sveg,Sweden,SE,484
Evans Head,EVH,Evans Head,Australia,AU,802
Eveleth,EVM,Eveleth,United States,US,67
Yerevan,EVN,Yerevan,Armenia,AM,405
Evansville,EVV,Dress Regional,United States,US,67
Evanston,EVW,Evanston,United States,US,67
Evreux,EVX,Evreux,France,FR,427
New Bedford,EWB,New Bedford,United States,US,67
Wildman Lake,EWD,Wildman Lake,United States,US,67
Ewer,EWE,Ewer,Indonesia,ID,832
Enarotali,EWI,Enarotali,Indonesia,ID,832
Newton,EWK,City-County,United States,US,67
New Bern,EWN,Simmons Nott,United States,US,67
Ewo,EWO,Ewo,Congo,CG,515
Newark,EWR,Newark International Airport,United States,US,67
Newbury,EWY,Greenham RAF,United Kingdom,GB,493
Excursion Inlet,EXI,SPB,United States,US,67
Exmouth Gulf,EXM,Exmouth Gulf,Australia,AU,802
Exeter,EXT,Exeter,United Kingdom,GB,493
Yelimane,EYL,Yelimane,Mali,ML,543
El Yopal,EYP,El Yopal,Colombia,CO,327
Yerington,EYR,Yerington,United States,US,67
Eliye Springs,EYS,Eliye Springs,Kenya,KE,535
Key West,EYW,International,United States,US,67
Buenos Aires,EZE,Ezeiza Ministro Pistarini,Argentina,AR,303
Elazig,EZS,Elazig,Turkey,TR,679
Faranah,FAA,Faranah,Guinea,GN,531
Farnborough,FAB,Farnborough,United Kingdom,GB,493
Faaite,FAC,Faaite,French Polynesia,PF,823
Faroe Islands,FAE,Vagar,Faroe Islands,FO,419
Fort Eustis,FAF,Felker AAF,United States,US,67
Fagurholsmyri,FAG,Fagurholsmyri,Iceland,IS,439
Farah,FAH,Farah,Afghanistan,AF,701
Fairbanks,FAI,International,United States,US,67
Fajardo,FAJ,Fajardo,Puerto Rico,PR,3
False Island,FAK,False Island,United States,US,67
Roma,FAL,Falcon State,United States,US,67
Farmington,FAM,Regional,United States,US,67
Farsund,FAN,Lista,Norway,NO,465
Faro,FAO,Faro,Portugal,PT,469
Freida River,FAQ,Freida River,Papua New Guinea,PG,804
Fargo,FAR,Hector Field,United States,US,67
Faskrudsfjordur,FAS,Faskrudsfjordur,Iceland,IS,439
Fresno,FAT,Airterminal,United States,US,67
Fakarava,FAV,Fakarava,French Polynesia,PF,823
Fayetteville,FAY,Municipal,United States,US,67
Fasa,FAZ,Fasa,Iran,IR,632
Faizabad,FBD,Faizabad,Afghanistan,AF,701
Francisco Beltrao,FBE,Francisco Beltrao,Brazil,BR,316
Fort Bragg,FBG,Simmons AAF,United States,US,67
Fairbanks,FBK,Ft Wainwright,United States,US,67
Faribault,FBL,Municipal,United States,US,67
Lubumbashi,FBM,Luano,Zaire,ZR,517
Fort Bridger,FBR,Fort Bridger,United States,US,67
Friday Harbor SPB,FBS,Friday Harbor SPB,United States,US,67
Fairbury,FBY,Municipal,United States,US,67
Kalispell,FCA,Glacier National Park,United States,US,67
Ficksburg,FCB,Ficksburg Sentra Oes,South Africa,ZA,562
Fresno,FCH,Fresno-Chandler,United States,US,67
Minneapolis,FCM,Flying Cloud,United States,US,67
Cuxhaven,FCN,Cuxhaven/Nordholz,Germany,DE,429
Rome,FCO,Leonardo Da Vinci (Fiumicino),Italy,IT,450
Colorado Springs,FCS,Butts AAF,United States,US,67
Yakima,FCT,Firing Center AAF,United States,US,67
Forrest City,FCY,Municipal,United States,US,67
Forde,FDE,Bringeland,Norway,NO,465
Fort De France,FDF,Lamentin,Martinique,MQ,252
Friedrichshafen,FDH,Friedrichshafen,Germany,DE,429
Frederick,FDK,Municipal,United States,US,67
Frederick,FDR,Municipal,United States,US,67
Bandundu,FDU,Bandundu,Zaire,ZR,517
Findlay,FDY,Findlay,United States,US,67
Fetlar,FEA,Fetlar,United Kingdom,GB,493
Sanfebagar,FEB,Sanfebagar,Nepal,NP,755
Feira De Santana,FEC,Feira De Santana,Brazil,BR,316
Fergana,FEG,Fergana,Uzbekistan,UZ,788
Feijo,FEJ,Feijo,Brazil,BR,316
Ferkessedougou,FEK,Ferkessedougou,Cote D'Ivoire (Ivory Coast),CI,533
Fuerstenfeldbruck,FEL,Fuerstenfeldbruck,Germany,DE,429
Fernando De Noronha,FEN,Fernando De Noronha,Brazil,BR,316
Freeport,FEP,Albertus,United States,US,67
Fergusons Gulf,FER,Fergusons Gulf,Kenya,KE,535
San Fernando,FES,San Fernando,Spain,ES,482
Fremont,FET,Municipal,United States,US,67
Cheyenne,FEW,Warren AFB,United States,US,67
Fez,FEZ,Sais,Morocco,MA,548
Kill Devil Hills,FFA,First Flight,United States,US,67
Fairford,FFD,RAF Station,United Kingdom,GB,493
Fairfield,FFL,Municipal,United States,US,67
Fergus Falls,FFM,Fergus Falls,United States,US,67
Dayton,FFO,Patterson AFB,United States,US,67
Frankfort,FFT,Capital City,United States,US,67
Futaleufu,FFU,Futaleufu,Chile,CL,324
Fderik,FGD,Fderik,Mauritania,MR,545
Apia,FGI,Fagali I,Samoa,WS,892
Fox Glacier,FGL,Fox Glacier,New Zealand (Aotearoa),NZ,851
Fuengirola,FGR,Fuengirola,Spain,ES,482
Fangatau,FGU,Fangatau,French Polynesia,PF,823
Sierra Vista,FHU,Municipal,United States,US,67
Fakahina,FHZ,Fakahina,French Polynesia,PF,823
Fire Cove,FIC,Fire Cove,United States,US,67
Fishers Island,FID,Elizabeth Field,United States,US,67
Fair Isle,FIE,Fair Isle,United Kingdom,GB,493
Fria,FIG,Fria,Guinea,GN,531
Kinshasa,FIH,N’Djili Airport,D. R. .Congo (Zaire),CD,517
Finke,FIK,Finke,Australia,AU,802
Fillmore,FIL,Municipal,United States,US,67
Finschhafen,FIN,Finschhafen,Papua New Guinea,PG,804
Five Finger,FIV,Five Finger,United States,US,67
Fitzroy Crossing,FIZ,Fitzroy Crossing,Australia,AU,802
Al-Fujairah,FJR,Fujairah Intl Arpt,United Arab Emirates,AE,678
Karlsruhe/Baden Baden,FKB,Soellingen,Germany,DE,429
Fakenham,FKH,Sculthorp RAF,United Kingdom,GB,493
Kisangani,FKI,Kisangani,D. R. Congo,CD,517
Fukui,FKJ,Fukui,Japan,JP,736
Franklin,FKL,Chess-Lambertin,United States,US,67
Franklin,FKN,Municipal,United States,US,67
Fak Fak,FKQ,Fak Fak,Indonesia,ID,832
Fukushima,FKS,Fukushima Airport,Japan,JP,736
Florencia,FLA,Capitolio,Colombia,CO,327
Floriano,FLB,Cangapara,Brazil,BR,316
Falls Creek,FLC,Falls Creek,Australia,AU,802
Fond Du Lac,FLD,Fond Du Lac,United States,US,67
Petersburg,FLE,Fort Lee AAF,United States,US,67
Flensburg,FLF,Schaferhaus,Germany,DE,429
Grand Canyon,FLG,Pulliam Field,United States,US,67
Flotta,FLH,Flotta,United Kingdom,GB,493
Flateyri,FLI,Flateyri,Iceland,IS,439
Falls Bay,FLJ,Falls Bay,United States,US,67
Fort Lauderdale,FLL,International,United States,US,67
Filadelfia,FLM,Filadelfia,Paraguay,PY,365
Florianopolis,FLN,Hercilio Luz,Brazil,BR,316
Florence,FLO,Florence,United States,US,67
Flippin,FLP,Flippin,United States,US,67
Florence,FLR,Florence Peretola,Italy,IT,450
Flinders Island,FLS,Flinders Island,Australia,AU,802
Flat,FLT,Flat,United States,US,67